Id,ORGANIZATION,NAME,GENDER,SPECIALITY,ADDRESS,CITY,STATE,ZIP,LAT,LON,ENCOUNTERS,PROCEDURES
fc7661fa-b5b2-3d2e-b241-65dcb82a2bcc,588f6ce6-b8db-3588-8189-29db2680a313,Terence292 Brakus656,M,GENERAL PRACTICE,461 WALNUT AVE,JAMAICA PLAIN,MA,021302331,42.311587599999996,-71.09800136347226,53,0
faf651a5-d75f-3fd6-b46b-5eb1627ff7b2,e09d4c49-c2ef-3b0f-9a46-3719d9219306,Ronald408 Emard19,F,GENERAL PRACTICE,60 HOSPITAL RD,LEOMINSTER,MA,014533290,42.54031915,-71.76312990486304,2,0
2a7384a1-bb93-38e8-b882-50c739305a09,71472d9b-aa5c-3b49-a5c3-d0eee8859015,Tyree261 Kutch271,M,GENERAL PRACTICE,118 WATERHOUSE RD STE C,BOURNE,MA,025328305,41.7281115,-70.5861571324252,39,0
49cf9f06-333f-3c6b-acc4-efc73736eeba,39104cad-5228-3e07-9b3e-3ad736b33d5d,Hilda552 Muller251,F,GENERAL PRACTICE,200 PROVIDENCE HWY,DEDHAM,MA,020261881,42.22214545274341,-71.18159060546684,34,0
c5943f4e-f919-39b0-828d-1121816b0290,f945589f-88aa-366b-9e9d-2418d091112d,Azzie965 Ziemann98,F,GENERAL PRACTICE,105 ERDMAN WAY,LEOMINSTER,MA,014531805,42.54685255,-71.75737313871981,48,0
dc86d4c2-0560-3dde-8b53-e3424ce9f798,5fcff9db-16e4-3e56-aa78-abbc16338097,Marcus77 Schamberger479,M,GENERAL PRACTICE,295 VARNUM AVE,WESTFORD,MA,018863513,42.5792583,-71.4378411,4,0
85534863-40cd-32d3-8e93-a3bfb9f486c1,40c01d75-1542-3e0b-8e5f-78d3031beba1,Daysi106 Reynolds644,F,GENERAL PRACTICE,505 PARADISE RD,SALEM,MA,019704267,42.485927,-70.900301,62,0
94d23893-e1a2-3d7d-89b0-37436eef1747,e49b692f-cccc-3cd5-93df-6db63dfc3e4a,Marlen929 Lemke654,F,GENERAL PRACTICE,1250 HANCOCK ST STE 104N,QUINCY,MA,02169,42.2517569,-71.0033967,72,0
4f0859a1-5bd6-35ea-a9e0-12b9e4d24d6f,bf556284-7513-3620-a10e-5393183a9a87,Tabatha105 Roob72,F,GENERAL PRACTICE,795 MIDDLE ST,FALL RIVER,MA,027211733,41.6924092,-71.16345107025307,7,0
fbb1ae22-1205-37e7-bd91-9d8d58e874ca,4ffa4412-1493-3beb-b8f0-6614dde953a4,Sulema841 Ryan260,F,GENERAL PRACTICE,363 HIGHLAND AVENUE,WAREHAM,MA,025715011,41.745636,-70.658192,4,0
e03563f6-14ce-37f2-b17b-11a0bf3ac40c,b6eeaaf7-1683-3bcb-b6ee-81ce304636ef,Zachery872 Pagac496,M,GENERAL PRACTICE,170 GOVERNORS AVE,MELROSE,MA,021763225,42.4564323,-71.064182,4,0
82966f78-fc9f-3110-9e22-d83dabd6c364,d613e441-68e8-3502-8adb-3f770a1276bf,Emmaline88 Witting912,F,GENERAL PRACTICE,114 WATER ST,MILFORD,MA,017573007,42.13661855,-71.53474614336832,103,0
dec15d62-9546-3030-b28c-34b5f9b0b9a1,de29a374-221b-3cb4-8051-a02c1a35e5b7,Gwyneth692 Marvin195,F,GENERAL PRACTICE,562 WASHINGTON ST,SOUTH ATTLEBORO,MA,027036942,41.912892049999996,-71.36135809627689,61,0
ab9eaeb6-ab09-38f6-89d8-08608e5b1f99,ace1ac31-036a-38fd-b451-b3b87157c717,Raphael767 Thompson596,M,GENERAL PRACTICE,170 MORTON ST,BOSTON,MA,021303735,42.299067750000006,-71.10124351911541,29,0
f8918153-1e9c-34f5-b367-22dbc6b784b8,18061fd5-fda8-3e2d-87f0-0f3c87211bcc,Margarite168 Koepp521,F,GENERAL PRACTICE,1493 CAMBRIDGE ST,SOMERVILLE,MA,021431408,42.3875968,-71.0994968,6,0
e7d1bb63-9199-39c8-a843-c8b41521b6d2,6cf8a214-8d57-3267-85e5-7719e15cd63e,Cindie288 Zulauf375,F,GENERAL PRACTICE,170 MORTON STREET,JAMAICA PLAIN,MA,021303735,42.299067750000006,-71.10124351911541,8,0
aed7d57c-10d6-34c2-a745-8a692b56d95f,4bc0cc09-77e5-37f5-844d-64a6637cae54,Hugo693 Ávila241,M,GENERAL PRACTICE,91 EAST MOUNTAIN ROAD,WESTFIELD,MA,010851801,42.110743549999995,-72.70066160206358,5,0
93ddf647-6265-3a7c-bda5-be0b2e3fdf1a,0fedae9f-701f-3317-9b2f-69aea2202cdc,Willian804 Batz141,M,GENERAL PRACTICE,88 EAST NEWTON STREET,WINTHROP,MA,021522715,42.3750976,-70.982827,10,0
03b1a858-34d2-33bf-8cd1-939bf6163088,981338c4-287c-3621-bc45-8b0b9f1b8922,Cari853 Kohler843,F,GENERAL PRACTICE,640 BOLTON ST,MARLBOROUGH,MA,017523999,42.3658183,-71.55914630258509,59,0
93c52dfa-50d9-31f4-8423-66c9427f4e42,ecadbc11-930c-3903-b706-f8ef4bc9089e,Erwin847 Baumbach677,M,GENERAL PRACTICE,780 CHESTNUT ST,SPRINGFIELD,MA,011031109,42.1211633,-72.60614164702717,44,0
93b6fc97-ed53-3b2c-b4d8-2d3c5380aa54,0fab3c4e-a028-39a6-b15a-be5a88b6aa2a,Cletus494 Paucek755,M,GENERAL PRACTICE,222 STATE STREET,LUDLOW,MA,010563437,42.15547415,-72.47222226666076,10,0
e11fafb7-efce-3dda-b1e1-0bc8fa448e77,3b021cb6-4745-3d9d-8436-230055f770bd,Dusty207 Franecki195,M,GENERAL PRACTICE,148 CHESTNUT ST,NEEDHAM,MA,024943238,42.27728075,-71.23665362814043,7,0
1c0f19cf-405f-3a1b-a1d0-28d3790a1c65,00ffb204-07b4-3c72-a678-fa252e6cf86c,Kathlene786 Satterfield305,F,GENERAL PRACTICE,450 BEDFORD ST,LEXINGTON,MA,02420,42.47370735,-71.25090005,41,0
38c8f3a4-ff62-3a36-b3c3-ead10c9d4230,ad82d624-72eb-3c7d-a76d-79f2668d1390,Georgianne697 Howe413,F,GENERAL PRACTICE,3 WOODLAND RD,STONEHAM,MA,021801711,42.452443099999996,-71.08939988105112,74,0
7974c9fe-817b-37c4-ba05-f0ad58b5dedc,6170552c-4d27-3e64-8068-64a380f1837d,Leo278 Pacocha935,M,GENERAL PRACTICE,76 SUMMER ST,HAVERHILL,MA,018305814,42.7786873,-71.07306505177553,7,0
75509c8c-ced7-3a03-b1e1-0450cf8c2932,b9e35b8a-9831-32d8-a6dc-d7a546c126b0,Venus149 Blick895,F,GENERAL PRACTICE,111 HUNTOON MEMORIAL HIGHWAY  1ST FLOOR,SPRINGFIELD,MA,011092550,42.1018764,-72.5886727,4,0
a1d81631-11f0-3a9b-88ff-b759748de93e,2f735290-1603-31b5-b561-7c8e0d413170,Jolynn62 Adams676,F,GENERAL PRACTICE,100 FOXBOROUGH BLVD STE 230,FOXBOROUGH,MA,020352878,42.041851949999995,-71.23486657070565,31,0
d1034d70-928a-3857-a531-01037231d0cc,328f813e-4de8-3ec2-a113-43f3ddfb0b2a,Victoria535 Roob72,F,GENERAL PRACTICE,30-40 WESTPARK STREET,BROCKTON,MA,023015241,42.0834335,-71.0183787,47,0
e5f74082-66f7-39ba-b167-8617d035d124,dd3307db-114c-3f11-be44-a9eef6bb3fc5,Evelin941 Ratke343,F,GENERAL PRACTICE,269 UNION STREET,LYNN,MA,019011201,42.4652772,-70.94362420273097,149,0
c9699296-3f0c-3f84-bce5-52b6ec5c2135,5018c664-e283-30eb-932a-529d9a19b3b5,Rochell365 Stehr398,F,GENERAL PRACTICE,300 SOUTH ST,WOBURN,MA,018014979,42.473347,-71.144086,8,0
5c0f77c4-0a14-3c4f-955b-d39a004030ab,2e8b42f8-4300-30a9-a576-d513d1021a0a,Chris95 Haag279,M,GENERAL PRACTICE,600 CLARK RD,TEWKSBURY,MA,018761699,42.63120935,-71.27023603178071,106,0
2f2acef1-0506-3fd1-9ace-2137fef7d0ba,b53dc1b7-43b0-3c43-a73f-304165633a59,Junior695 Leffler128,M,GENERAL PRACTICE,63 MAIN ST,HYANNIS,MA,026013202,41.6562005,-70.27336188244256,32,0
8db186b5-9a17-302c-87b4-151335855466,c7542447-e06e-32cb-b6db-243c23a0dbc2,Chantell995 Krajcik437,F,GENERAL PRACTICE,30 WARREN ST,BOSTON,MA,021353602,42.3501483,-71.14393324457691,2,0
38612133-044b-3426-a5e0-9821d5e9547c,50c47685-8125-3c50-8311-8bd7ba9e9108,Beth967 McKenzie376,F,GENERAL PRACTICE,4199 WASHINGTON ST,ROSLINDALE,MA,021311733,42.2871447,-71.1277526,47,0
7360513d-8a53-3c8e-9d48-dbd3d3208e90,9d2a1656-0f4d-30d1-bc63-eb365a05529c,Maynard46 Ward668,M,GENERAL PRACTICE,235 N PEARL ST,BROCKTON,MA,023011794,42.09805395,-71.0609587194362,1,0
d36b79e2-58a5-3dbd-aae6-279fead3123c,3fea2678-1991-3390-b5f1-ebe38f28888b,Odell776 Buckridge80,M,GENERAL PRACTICE,135 WEBSTER ST,WEYMOUTH,MA,021901613,42.2212188,-70.9391625,51,0
acfd191c-91a9-3c4c-883a-f50412b66352,eee00932-ca82-36bc-b7e8-e3fff6dbaeaa,Cira533 Hane680,F,GENERAL PRACTICE,450 BROOKLINE AVE,WEYMOUTH,MA,021893141,42.2212188,-70.9391625,2,0
f0f60fd4-0dfb-318b-8afe-65b6f305524e,6873525f-1680-3ceb-b536-270d44b46e2e,Lai148 Nicolas769,F,GENERAL PRACTICE,500 COLUMBIA RD,DORCHESTER,MA,021252322,42.3147979,-71.067633,33,0
7b0b1662-1f79-3b31-b597-12c5362a138c,f8918a95-31e8-3ac4-8d12-29ca6080ebda,Domitila545 Vandervort697,F,GENERAL PRACTICE,199 REEDSDALE RD,MILTON,MA,021863926,42.251368299999996,-71.0768393856917,12,0
4b671113-5114-3a68-a700-50fa403b79a8,8d5880eb-1dd8-31ea-b7c5-21709f3bb341,Jared66 Satterfield305,M,GENERAL PRACTICE,50 ROWE ST,MELROSE,MA,021763201,42.4592093,-71.06078096379728,141,0
5a966570-0efe-3e2f-978e-6a4e71eb975b,0ec04450-c150-322d-b2c3-1449d672a23c,Renaldo199 Huels583,M,GENERAL PRACTICE,110 W SQUANTUM ST,NORTH QUINCY,MA,021712122,42.27259075,-71.03082765,73,0
062ce9a3-e22f-35af-a682-92495c16d56f,a6964d47-8af0-3df2-b99d-d8414eb1cfa3,Reggie481 Schiller186,M,GENERAL PRACTICE,200 MAY ST,SOUTH ATTLEBORO,MA,027035520,41.924394750000005,-71.36076410900014,9,0
5aa904ab-3c45-3bc6-817e-de7b08add24f,dae3ee01-f383-366e-9ad6-dc92963064ea,Lucia634 Cortés936,F,GENERAL PRACTICE,1233 MAIN ST,HOLYOKE,MA,010405381,42.16578055,-72.63389634691956,3,0
6d428ec6-070b-307d-8b49-767a4260fafb,371948e4-733a-33b6-a835-68abefdeb59f,Roxanna261 Gleichner915,F,GENERAL PRACTICE,197 ADAMS RD,WILLIAMSTOWN,MA,012672930,42.704126099999996,-73.19043030392987,35,0
4b32744d-a3b2-3906-8d8b-d536b8a267d6,b7b02632-03e1-330a-aa40-fdee22899633,Rob341 Cormier289,M,GENERAL PRACTICE,840 HARRISON AVE,ROXBURY,MA,021203432,42.3279605,-71.0830607,32,0
3372bad5-6940-32f8-8df1-b700898a8b45,92d919ab-8380-3fda-a5f1-838e69b819c1,Velda682 Gutmann970,F,GENERAL PRACTICE,300 TRADECENTER STE 4750,WOBURN,MA,018017420,42.4994143,-71.161659,33,0
0c81bc5f-c13f-35d5-a92b-d4baba381d82,0319f6d9-60a3-36ac-9f26-b782d7997b1c,Roger751 Quitzon246,M,GENERAL PRACTICE,22 MILL ST,ARLINGTON,MA,024764738,42.4177455,-71.1579688,53,0
fe90190f-2fcb-3921-bb1b-2087d8df3c4f,a2cc09de-c1e2-3126-8c09-d49f95225281,Darnell564 Leannon79,M,GENERAL PRACTICE,300 LONGWOOD AVE,WALTHAM,MA,024532741,42.3756401,-71.2358004,3,0
e17b9d72-7137-3f9d-9abb-8c9f31597f27,44cb1162-a345-3477-8723-c202a3c8cdcd,Jamey282 Graham902,M,GENERAL PRACTICE,73 W MAIN ST,HOPKINTON,MA,017481619,42.21799145,-71.54005509979045,60,0
fdb586c5-4a96-32c2-86d9-386c1e8e9faa,f341c366-8313-3790-ab26-d8d27b116ff5,Odell776 Greenholt190,F,GENERAL PRACTICE,80 LINCOLN STREET,WALTHAM,MA,024535465,42.39322121170625,-71.24104146434591,39,0
9fc76bfb-a42f-34d6-a8ab-181c71f0a0ee,0d7ef8ee-4e45-3b40-9f2b-f558dce71574,Douglas31 Kuhlman484,M,GENERAL PRACTICE,200 BOYLSTON ST,CHESTNUT HILL,MA,024672008,42.318869649999996,-71.17524247213663,39,0
0162930e-4fef-3842-b564-028230883e0a,f312977e-8f41-3816-84cc-e5b12ba36955,Harlan808 Langosh790,M,GENERAL PRACTICE,1153 CENTRE ST,JAMAICA PLAIN,MA,021303446,42.3017598,-71.12855793387442,1,0
2ea4d52d-da07-35cd-a231-ce6c10bff1d0,afc661fd-71d9-3fc3-adf2-3fc3b5e8a140,Hyman89 Schmeler639,M,GENERAL PRACTICE,680 CENTRE ST,RAYNHAM,MA,02767,41.9487118,-71.0731008,5,0
d53c73f8-a2d4-39f9-8d18-c10df0f39d7a,06cc2462-430f-3322-9c87-7e971125f510,Bryon392 Mann644,M,GENERAL PRACTICE,133 OLD ROAD TO 9 ACRE COR,WESTFORD,MA,018863198,42.5792583,-71.4378411,3,0
91ec302a-d70c-3310-b99a-4275692355a1,907b1d2f-2bf8-31b5-abc2-14d6b75faa96,Ellis535 Ernser583,M,GENERAL PRACTICE,340 MAPLE ST,MARLBOROUGH,MA,017523200,42.3358161,-71.54106510218209,40,0
006fb3d1-95d1-3911-bc71-459191d057ba,352f2e3b-0708-3eb4-9f7e-e73a685bf379,Araceli695 Willms744,F,GENERAL PRACTICE,157 UNION ST,SOUTHBOROUGH,MA,017721215,42.3056501,-71.5245087,4,0
06bde9bd-4c73-361c-9bcd-8da9e30cb82a,34f7bdc0-0550-333e-a53f-5e2af5a6d4ec,Mable471 Kreiger457,F,GENERAL PRACTICE,212 S MEADOW RD UNIT 5C,PLYMOUTH,MA,023605450,41.9426657,-70.7618592,28,0
77455fe4-a1bd-30e7-87e3-d1b319b5527a,e34d8448-8b98-3f91-9fe7-faeb8a78e1db,Gordon377 Monahan736,M,GENERAL PRACTICE,NEW ENGLAND SINAI HOSPITAL,MILTON,MA,021862377,42.2501425,-71.065573,52,0
915cbffc-3a07-3a76-beae-29a7f0c7da17,a2d45ee8-b930-3169-b612-f602961ad212,Valentine262 Leannon79,M,GENERAL PRACTICE,37 MINUTEMAN WAY,SHREWSBURY,MA,015452229,42.288207,-71.73443816915585,85,0
570d95a9-5f4f-3cb7-be63-2be627fd194b,10ffe7b1-2f94-3f12-9288-679da05a1ec9,Odessa199 Hintz995,F,GENERAL PRACTICE,133 LITTLETON RD,WESTFORD,MA,01886,42.57056335,-71.41736646422413,39,0
e45b9ae9-caa5-3b73-80c5-f04f5a94edb3,4fa643ae-1f58-3c2e-9f33-0ba56345ad10,Trevor374 Williamson769,M,GENERAL PRACTICE,361 MAIN ST,WAREHAM,MA,025712153,41.761384899999996,-70.71911431737183,57,0
261b58a8-ad09-3847-9e19-8fb8b79b7fa8,fb4a08b8-57ee-382b-b3cb-43d94f1bb4c0,Mercedes82 Abeyta738,F,GENERAL PRACTICE,1010 SOUTH MAIN STREET,FALL RIVER,MA,027242855,41.690775450000004,-71.16515282264554,35,0
0e4a12e1-bad5-3ce2-81cc-0adf0bbfaff5,3d5fbf38-c781-3e04-8c7e-5a402611b7d4,Enriqueta274 Barton704,F,GENERAL PRACTICE,260 ELM ST,SOMERVILLE,MA,021442951,42.3955992,-71.1227391,136,0
3ad66a68-8547-3f60-8a8a-3f4af561f0c7,d6b03647-983f-3162-af9e-b12aea026f13,Son314 MacGyver246,M,GENERAL PRACTICE,65 NEWBURYPORT TPKE,NEWBURY,MA,019501199,42.7891081,-70.87774011339009,35,0
04c678d9-5d32-31ad-9d5e-d7f2fe753de6,f43f97f2-af04-3ed0-a42e-3681718cc9b2,Dorcas534 Quigley282,F,GENERAL PRACTICE,725 NORTH ST,PITTSFIELD,MA,012014109,42.4600752,-73.2492795834909,2,0
045e57eb-7537-3597-8459-beb6ee722201,8ce066ae-10ad-3679-9272-387e8cb21947,Dane516 Tromp100,M,GENERAL PRACTICE,3 CHERRY ST,NEWBURYPORT,MA,019503928,42.80038345,-70.87664535540449,72,0
48a70756-233c-3b6c-b3dd-e46ca862e9a3,936ceb96-2b12-371f-aa68-ee02a9c06f4c,Alan320 Keeling57,M,GENERAL PRACTICE,225 BOSTON ST,LYNN,MA,019043124,42.470497449999996,-70.96003668151566,188,0
7ec13cb2-1400-337e-951d-43b74cdaa1eb,a855314b-4fb5-37fc-8015-5caa96c928b1,Terrence276 Kiehn525,M,GENERAL PRACTICE,759 CHESTNUT ST,SPRINGFIELD,MA,011991001,42.121522049999996,-72.60300615153007,2,0
c7ef5ebe-d1b1-3b1d-a28b-e24f27f28904,4f59f709-8b84-3d27-a04b-c6b7b5544413,Natividad796 Davis923,F,GENERAL PRACTICE,70 BOLTWOOD WALK,AMHERST,MA,010022271,42.3768779,-72.51840280783739,32,0
eaa4cbe7-061b-3211-a74e-65ff9016eb4b,c25911bc-3240-358a-86ce-5f45bb8f0c53,Verdell500 Hammes673,F,GENERAL PRACTICE,325 WOOD RD,WELLESLEY HILLS,MA,024812188,42.3130588,-71.2738201,42,0
e79aab5f-e69d-3eeb-9130-18c46eae0063,680532c8-2661-3b39-875a-b6ec0746ccf5,Jolyn4 Dach178,F,GENERAL PRACTICE,30 ATHOL ST,ALLSTON,MA,021341124,42.36075595,-71.13397379082869,31,0
8e90f987-4cb7-30a4-aecd-521851b62ad1,c6b019eb-28ec-36f6-abf3-bcc4d1d58966,Sherwood961 Aufderhar910,M,GENERAL PRACTICE,33 AVON ST,WAKEFIELD,MA,018802310,42.50403445,-71.07462951514611,29,0
bc6b2472-7c3b-37ae-9102-108845dd152c,06376cbe-4880-384b-b459-7ce3eef36ced,Lynwood354 Ratke343,M,GENERAL PRACTICE,387 QUARRY ST,FALL RIVER,MA,027231026,41.6932713,-71.1402431739568,72,0
713af5d6-9596-311e-aae4-4601d8ae8ddd,2836d9ac-c6a6-39d1-8f13-fdf0fc8928f4,Carlton317 Koch169,M,GENERAL PRACTICE,365 EAST ST,TEWKSBURY,MA,018761950,42.6069472,-71.2180803,7,0
90555ff9-b5ff-321b-90aa-b8005a6446d4,a2f8d8fe-665e-390f-8b9b-efdc0b14a77c,Pearlene638 Towne435,F,GENERAL PRACTICE,161 JACKSON ST,LOWELL,MA,018522103,42.6425382,-71.3093946,78,0
bfd8ea6c-e6a2-3b11-918d-34217b846866,82c72223-f521-3a34-9b9b-4ff366365399,Margaret865 Reinger292,F,GENERAL PRACTICE,2100 DORCHESTER AVENUE,QUINCY,MA,021691870,42.2509914,-71.0037374,5,0
d5ee159f-313a-3887-b063-adf220268654,e2eab39c-5195-34aa-b35f-e89e37cfed01,January966 Roberts511,F,GENERAL PRACTICE,55 FOGG ROAD,WEYMOUTH,MA,021893141,42.175539799999996,-70.9539153674405,2,0
b50fd944-c860-3b1b-89cb-cb84d1180974,21989e2e-249c-3b79-acf0-240211e16b4b,Mignon230 Ullrich385,F,GENERAL PRACTICE,1290 TREMONT ST,ROXBURY,MA,021203432,42.3327398,-71.09194864251029,34,0
2d59ac99-1db7-3f46-9b1f-94b4924b86d4,df3f566c-97e5-31ed-b0fe-4b452666f736,Mckinley734 Rodriguez71,M,GENERAL PRACTICE,300 CHESTNUT ST,NEEDHAM,MA,024922477,42.27522125,-71.23743483674366,88,0
6c02d671-bbdb-34a4-9e63-ac7e038e2ee1,4705a8fd-19cd-32c1-8b3e-34bcfe84d0bd,Jimmie93 Mayert710,M,GENERAL PRACTICE,55 N WASHINGTON ST,NORTH ATTLEBORO,MA,027601607,41.983529,-71.332241,62,0
6b65a7fd-51a9-35d6-8afc-b891109ac898,f5ccbb53-e4a0-32e5-a693-02150497a8f4,Astrid395 Huels583,F,GENERAL PRACTICE,100 HIGHLAND ST,MILTON,MA,021863881,42.250705749999995,-71.07724199194602,43,0
d2bf7208-f7e3-3eb6-8e05-da5b8675a484,497f39dd-280e-3d58-af5b-c5e3a3a09b10,Randy380 Bergstrom287,F,GENERAL PRACTICE,27 PARK ST,HYANNIS,MA,026015230,41.65363635,-70.27352219234834,9,0
ff1aee7e-cf6d-3c37-9ea5-37f52f76f162,578b56de-fe9c-32e1-aea4-876f8bc01e9c,Ollie731 Dooley940,M,GENERAL PRACTICE,49 HILLSIDE STREET,FALL RIVER,MA,027205211,41.707406500000005,-71.14593659462452,1,0
f450abcc-deb9-3208-881c-177dbb895c83,c5d5a544-0277-342f-8422-d30848a82438,Adela471 King743,F,GENERAL PRACTICE,151 ROCK ST,FALL RIVER,MA,027203201,41.70365955,-71.15259151299796,52,0
c5712309-3286-3118-bd52-40481329832f,c2e93fb4-abf2-3210-b6ec-4d1ecb2b76f0,Kyle55 Halvorson124,M,GENERAL PRACTICE,62 BROWN ST,HAVERHILL,MA,01830,42.76512700000001,-71.04617174286321,42,0
7c5420b6-1e56-3a62-bd40-177c2cb31d9c,ec509895-6196-36d1-b91e-272bed7e6196,Jenae263 Veum823,F,GENERAL PRACTICE,40 ARMINGTON ST,ALLSTON,MA,021342406,42.3521617,-71.1375176,33,0
56c76353-79b4-3de8-bb12-57216abc01da,b44955d1-f0e2-3beb-a013-708a81dbe430,Idella49 Runte676,F,GENERAL PRACTICE,680 CENTRE ST,WEST BRIDGEWATER,MA,023791600,42.0219112,-71.019004,66,0
224e7707-4319-3f6b-9a51-34466e5020f0,ad2dab07-4f85-3950-baaa-7c7cd2aa770c,Gertrud593 Kuhic920,F,GENERAL PRACTICE,55 LAKE AVENUE NORTH,WORCESTER,MA,016550002,42.2774799,-71.76166994969458,2,0
c63ab030-5a32-37f4-bbb9-7bf208f98734,18b1bb7e-2f93-3253-a7ae-d19c13ffeaa1,Derick144 Bashirian201,M,GENERAL PRACTICE,29 E 29TH ST,WEST NEWBURY,MA,019854201,42.8014795,-70.989778,30,0
72d19e33-e4a1-39ee-bf7e-d42476e52ac9,67d2f85b-ddc7-3ed0-b90b-6fa5b7b8358a,Norah104 Jenkins714,F,GENERAL PRACTICE,43 FOUNDRY AVE,WALTHAM,MA,024538313,42.37050535,-71.21908334877376,42,0
ce56a689-d8d8-3be1-bc45-35ec5a9cc196,1d45436f-15a9-326e-a452-2e9ffc9fc5e5,Odilia72 Mraz590,F,GENERAL PRACTICE,75 SPRINGFIELD RD,WESTFIELD,MA,010851832,42.111428849999996,-72.71189899299209,125,0
eb46e8c5-d876-3f14-97ec-def41e11d6cb,94dda4e1-7476-367a-b1f8-37ea7f61a1b7,Dylan44 Robel940,M,GENERAL PRACTICE,145 WARD HILL AVENUE,WESTBOROUGH,MA,015811017,42.2694308,-71.6129907,2,0
265c7204-f39b-3b67-a5af-359114adf66d,c0a33465-d309-3d2a-932e-9d554a7cc19c,Veronika907 Rogahn59,F,GENERAL PRACTICE,100 CENTURY DR,WORCESTER,MA,016061244,42.3138278,-71.7707002,2,0
d4b3ae0c-669a-3c82-8e61-9b676837384c,0a689d33-2b0d-3942-8de8-e28812e91c69,Noah480 Pagac496,M,GENERAL PRACTICE,47 SEAVERNS AVE # 5,BROOKLINE,MA,024463806,42.3317642,-71.1211635,60,0
fb6b8068-1e92-3c52-980b-4da192657903,6e517750-a29e-3170-a02b-5733ff523458,Margarita164 Abbott774,F,GENERAL PRACTICE,101 BARRY RD,WORCESTER,MA,016091275,42.3030701,-71.8333408960994,41,0
0ebfb410-2ead-32a3-bc62-d84e5ee56e59,0be0e035-8dad-387e-bbdd-a5a469c4311f,Deane47 Howe413,F,GENERAL PRACTICE,480 MAPLE ST,DANVERS,MA,019234065,42.584178050000006,-70.97197467750539,28,0
f676835b-f02f-3dcc-9541-c21ce0bc01f6,125eccb3-d003-34ea-9bd8-360dff059782,Rolande819 Gerlach374,F,GENERAL PRACTICE,125 PARKER HILL AVENUE,DEDHAM,MA,020266146,42.2489143,-71.1755732,4,0
807abb65-ecb6-33e6-8895-5068cfad2383,a1a024f0-95e2-3db4-a771-e2f17c5da162,Shella455 Schmidt332,F,GENERAL PRACTICE,18 NEWTON ST,BROCKTON,MA,023015115,42.0785392,-71.02602473630952,38,0
f2dfa644-ab97-3d18-a85e-031eead9761d,aad05540-c9cb-3805-b3c4-f9b9d9b42b2e,Arla414 Fritsch593,F,GENERAL PRACTICE,821 E MAIN ST STE 3,CHICOPEE,MA,010206306,42.155774795300516,-72.55672263289513,139,0
e857899b-6e26-33e5-8647-8768e9791b4e,19a3afba-b409-3650-a0ab-f3faf6e391ef,Patrina117 Strosin214,F,GENERAL PRACTICE,199 REEDSDALE RD,WALTHAM,MA,024511433,42.3756401,-71.2358004,1,0
2d2c98f2-1959-35fe-8b96-11d28481d4d0,0e9d0119-1157-35a0-8bb5-7e0aa3041928,Gino587 Trantow673,M,GENERAL PRACTICE,1049 MAIN STREET,SPRINGFIELD,MA,011032114,42.09977055,-72.58470990760483,109,0
844b4241-e615-3ef9-b1f7-20e89367c34b,83a08dcf-7ed6-3d2e-afc0-a72c05d2563c,Jerri638 Stiedemann542,F,GENERAL PRACTICE,755 MAIN ST,HAVERHILL,MA,018302166,42.797835,-71.0878121,78,0
d9a739fd-07c7-3aed-a59e-337084bffd7b,cbebae9e-f95e-3d2c-9712-289ea8d6aeec,Inés791 Vergara204,F,GENERAL PRACTICE,49 ROBINWOOD AVENUE,QUINCY,MA,021698130,42.2509914,-71.0037374,1,0
6703c35b-8cb3-3917-9a9b-37fb8523fa72,1cec4304-9757-3a10-ad4f-7e2090c56131,Eugene421 Rohan584,F,GENERAL PRACTICE,55 LAKE AVE N,WORCESTER,MA,016550002,42.2774799,-71.76166994969458,3,0
cba86e3e-3646-3a1e-b871-7d4994aac32b,5862e05c-9533-3f7a-8f73-215d50f5ee2f,Emilio417 Barton704,M,GENERAL PRACTICE,1200 CENTRE ST,ROSLINDALE,MA,021311000,42.29768,-71.130463,5,0
f2073460-93d5-3b1e-b284-786d082836f4,a5577e5c-b886-37a0-8eee-8ff6feb7ea6b,Leopoldo762 Keebler762,M,GENERAL PRACTICE,330 MOUNT AUBURN ST,CAMBRIDGE,MA,021385502,42.3741033,-71.13417575971958,5,0
afcd415b-fd76-364f-aa46-4ea8636fa49e,5581e43d-0463-3a0b-afc7-a60aea5ac96c,Brock407 VonRueden376,M,GENERAL PRACTICE,57 RIVER RD,ANDOVER,MA,018101144,42.69112645,-71.19636086287642,33,0
30a16d57-a8ab-3b09-9240-e245ffa3dad9,b574fc4f-313c-38a4-9baf-7e12e431a499,Manuel446 Barraza113,M,GENERAL PRACTICE,511 W GROVE ST,MIDDLEBORO,MA,023461479,41.90036455,-70.9535889372234,71,0
964f3838-fe53-32c6-ab2c-f985eaef43d4,2bde75a8-708f-3930-8d57-100ab365d413,Cedrick207 Gleason633,M,GENERAL PRACTICE,173 WORCESTER ST,WELLESLEY,MA,024815521,42.2964859,-71.2925571,75,0
3938ad3e-06d8-3787-bd59-3631c69b6798,845fbd9b-2d1c-39a8-8261-28ae40e4fab2,Sam879 Rippin620,F,GENERAL PRACTICE,14 PROSPECT STREET,UPTON,MA,015681431,42.1700209025178,-71.59409308099494,9,0
ff98d2a7-92d5-3f26-aae1-228f364a6cb9,bac9dc0c-cb0f-3fa6-aa12-819dd0fb922a,Nicholas495 Greenfelder433,M,GENERAL PRACTICE,1493 CAMBRIDGE ST,SOMERVILLE,MA,021452935,42.3875968,-71.0994968,2,0
7063fd01-bc6f-36a4-88b8-1fde8aeaace7,84d5768f-3a21-3da9-aad2-bbf7a3ae2700,Hank686 Schneider199,M,GENERAL PRACTICE,817 MERRIMACK ST,LOWELL,MA,018543548,42.650296999999995,-71.32263756223612,37,0
5d26d306-220d-319b-934d-6ea073b3add9,af8566eb-8918-3ec7-ba44-92b6a2cf8097,Madelaine318 Walker122,F,GENERAL PRACTICE,81 HIGHLAND AVE,SALEM,MA,019702714,42.5112107,-70.90516241826194,2,0
7956b64b-6bed-3674-aa90-c3809eef7fb5,ecd3b321-0a8a-3ce6-81f0-982dd77fce43,Tracie996 Lesch175,F,GENERAL PRACTICE,25 HIGHLAND AVE,NEWBURYPORT,MA,019503867,42.81369325,-70.89091645747592,3,0
43d68bfb-35ea-3029-b170-696d1de7db87,4f5e8f16-a31b-3071-8556-d7188ede313d,Barrett790 Wolf938,M,GENERAL PRACTICE,575 BEECH ST,HOLYOKE,MA,010402223,42.20105435,-72.628169560868,45,0
e8a39df1-8927-3864-8dc0-d45632b14785,69cb2157-b620-3c51-9c94-f516462d2d55,Luther918 Schroeder447,M,GENERAL PRACTICE,11 WATER ST,ARLINGTON,MA,02476,42.41642055,-71.15424293038585,155,0
e07107f2-7532-3188-80b2-8f2d508109a3,9a20d707-68e4-32c0-b2b2-2f5d5c2012cd,Lorinda137 Pouros728,F,GENERAL PRACTICE,131 CAMBRIDGE ST STE 1,BURLINGTON,MA,018033711,42.50284395,-71.19574553661971,67,0
eadca1ce-09fc-325a-976c-3a4e1af8f122,43ee6bb5-8efa-3bfc-8ca8-1579a5267753,Shawanna357 Roob72,F,GENERAL PRACTICE,235 N PEARL ST,BROCKTON,MA,023011794,42.09805395,-71.0609587194362,2,0
e846bab0-09c5-3e7c-8e04-3cd89c3a05e8,28d71598-85eb-3a0e-90c1-22e0be1af57c,Sammie902 Hermann103,M,GENERAL PRACTICE,38 MULBERRY ST STE 204,NORTHAMPTON,MA,010602832,42.35436315,-72.70256804599192,42,0
19c7e5e5-b402-30d5-8ed3-7abefbb4e8f0,48a07866-e8d7-3268-aa3c-ca3237c8e6f3,Devona405 Stamm704,F,GENERAL PRACTICE,188 PROVIDENCE ST,HYDE PARK,MA,021361861,42.2682551,-71.12174592925336,45,0
a6d6dcd8-3d28-3602-a4b3-b450792e7f7b,25431f9a-00e4-36d8-9810-4125328eec50,Kati243 Ruecker817,F,GENERAL PRACTICE,55 FRUIT ST,WALTHAM,MA,02451,42.3756401,-71.2358004,2,0
fa4d236c-856a-37ff-afab-c723f49a83b6,89171335-b9c0-3326-98d6-a837d432b9fd,Lorette239 Hauck852,F,GENERAL PRACTICE,150 FLANDERS ROAD,LYNN,MA,019042915,42.466763,-70.9494939,9,0
812b7762-4f65-3538-8cbb-904326e8fdac,217cb6f6-e822-3831-9d9d-ffa104971042,Luther918 Jakubowski832,M,GENERAL PRACTICE,2 REHABILITATION WAY,WOBURN,MA,018016003,42.46352265,-71.161925472006,7,0
4e73ee6d-3904-3cb0-ab11-60b3239022be,e2a8b444-9b8f-36ff-84c4-05ee98589482,Elmer371 Gusikowski974,M,GENERAL PRACTICE,8 SHIPWAY PL # C-8,CHARLESTOWN,MA,021294301,42.3778749,-71.0619957,79,0
a8ccfa66-9b6c-31c6-8ca5-792cc9845d13,883f57b8-89c6-3dc4-b6da-047705c88623,Blanche121 Bailey598,F,GENERAL PRACTICE,363 HIGHLAND AVE,FALL RIVER,MA,027203703,41.7093779,-71.1460783680883,2,0
f2d897a0-a7e8-30fb-9aac-ba6eb886ba36,0a2252ba-33de-322f-8f0a-e5b0141f1780,Hue920 Block661,F,GENERAL PRACTICE,632 BLUE  HILL AVENUE,DORCHESTER,MA,021213213,42.2941088,-71.0885355,80,0
7451d607-ee51-3d5f-94f4-fdbe533c9da0,67cade01-dcfe-37b7-8e2c-b712d9e6fbba,Lelah386 Wintheiser220,F,GENERAL PRACTICE,694 MAIN ST,HOLDEN,MA,015201862,42.3406819,-71.8390289,33,0
5bb2c94d-024d-3244-b739-5ff674e41f95,11a40a26-a5a3-331d-aef0-d06dd90e2b4e,Jacinta658 Wintheiser220,F,GENERAL PRACTICE,10 OSTERVILLE WEST BARNSTABLE RD,YARMOUTH PORT,MA,026752000,41.7020544,-70.249465,70,0
763ef2a7-5792-3276-93eb-e6d35c805126,91808f17-7583-32a3-aa55-23b131b327c7,Leonie332 Wunsch504,F,GENERAL PRACTICE,200 CORDWAINER DR,NORWELL,MA,020611671,42.16352995,-70.8846291501739,62,0
3dba3a83-9239-3061-808a-8afb16b0bf5e,c709c5eb-ddd7-3778-84f7-0931a4d1c718,Jim478 Goyette777,M,GENERAL PRACTICE,1200 CENTRE ST,ROSLINDALE,MA,021311000,42.29768,-71.130463,2,0
ab23175e-e0ef-3156-8ca0-9e6d3557561d,d70d47dc-b40c-3a04-8342-35cbfe716409,Marcelino726 Hilpert278,M,GENERAL PRACTICE,83 LITTLEFIELD RD,NEWTON,MA,024593010,42.3104327,-71.18883283411856,75,0
c012dbc4-02f3-3a85-a8f4-994371f95aec,6aae7a31-90df-3455-ad8d-81f8cf2d21e8,Houston994 Funk324,M,GENERAL PRACTICE,680 CENTRE ST,BROCKTON,MA,023023308,42.0872752,-70.9910738855076,2,0
