Id,GENDER,BIRTHDATE,DEATHDATE,AGE,AGE_BAND,ADDRESS,BIRTHPLACE,CITY,COUNTY,DRIVERS,ETHNICITY,FIPS,FIRST,HEALTHCARE_COVERAGE,HEALTHCARE_EXPENSES,INCOME,LAST,LAT,LON,MAIDEN,MARITAL,MIDDLE,PASSPORT,PREFIX,RACE,SSN,STATE,SUFFIX,ZIP
06eb6dda-a918-928f-76cf-6bf370cf2014,M,1944-05-17,,80.62422998,75–84,343 Wisozk Hollow,Braintree  Massachusetts  US,Saugus,Essex County,S99966085,nonhispanic,25009.0,Kenneth671,1769.8,17748.16,97576,Ritchie586,42.47477453992514,-70.99558658254415,,W,Vincent299,X26853568X,Mr.,white,999-92-3855,Massachusetts,,1906
06fe0fa1-aba9-b4f6-6231-5f41bd42492d,M,1960-01-06,,64.98562628,55–64,688 Yundt Camp Suite 41,Boston  Massachusetts  US,Northbridge,Worcester County,S99984925,nonhispanic,,Dong972,351.6,16298.36,37398,Borer986,42.144491802492,-71.66832803487107,,M,,X66033141X,Mr.,white,999-90-2097,Massachusetts,,0
080b069b-5108-46b6-ecef-6aacd3b9ef3f,M,1958-08-14,,66.38193018,65–74,314 Robel Quay,Lynn  Massachusetts  US,Wareham,Plymouth County,S99998867,nonhispanic,,Chester802,10286.76,6500.0,23280,Aufderhar910,41.806103226129906,-70.67818221486861,,M,Richie600,X63395243X,Mr.,white,999-85-1223,Massachusetts,,0
09570ca0-77fa-de46-54b5-14ac2040a62e,F,1941-10-02,,83.24709103,75–84,1060 Lesch Lane Unit 35,Sudbury  Massachusetts  US,Tewksbury,Middlesex County,S99915984,nonhispanic,,Kizzie166,1639.82,18281.96,152904,Bradtke547,42.61796390294728,-71.27668098461947,Collins926,D,,X6796942X,Mrs.,white,999-45-6482,Massachusetts,,0
13bbd9ac-5c42-f173-5411-4e30e7da9e8d,F,1998-07-10,,26.47775496,25–34,614 Wisoky Neck Suite 35,Lynn  Massachusetts  US,Springfield,Hampden County,S99922786,nonhispanic,25013.0,Zina602,8497.16,3100.0,12354,Klocko335,42.090036329132445,-72.59559123267172,Parisian75,M,Joyce806,X49126505X,Mrs.,black,999-19-5726,Massachusetts,,1104
17cb5ccc-4c1f-9747-f535-e57cd464679d,M,1944-04-28,,80.67624914,75–84,804 Nolan Haven,Millis  Massachusetts  US,Bridgewater,Plymouth County,S99982541,nonhispanic,25023.0,Jefferson174,1769.8,18006.17,97196,Dach178,41.92778005644695,-70.98367305461909,,M,Renaldo199,X2923960X,Mr.,white,999-74-5756,Massachusetts,,2324
18b101ed-6582-7193-5a1a-cac8e8de151c,M,1964-05-17,,60.62422998,55–64,359 Nitzsche Crossing,Watertown  Massachusetts  US,Westfield,Hampden County,S99978762,nonhispanic,25013.0,Ivory697,1261.2,16044.81,28203,Miller503,42.1084287062702,-72.72799251708312,,M,Sam879,X66625838X,Mr.,white,999-47-2612,Massachusetts,,1086
20526ee7-17ba-b863-b5f1-776defcde2e6,F,1976-11-14,,48.12867899,45–54,329 Wintheiser Viaduct Apt 34,Dighton  Massachusetts  US,Bourne,Barnstable County,S99996790,nonhispanic,25001.0,Sabra779,0.0,12148.36,413513,Hermann103,41.67614884377144,-70.5971448422042,,S,,X86832404X,Ms.,white,999-73-8834,Massachusetts,,2532
23c94034-f050-04d5-c5a3-2d42bf3ccc7f,F,1969-01-25,,55.93155373,55–64,800 Schmitt Boulevard Apt 23,Newton  Massachusetts  US,Cambridge,Middlesex County,S99929357,hispanic,25017.0,Talitha643,0.0,14058.76,182688,Bergnaum523,42.41303081195031,-71.10684163466209,,S,,X53669506X,Ms.,white,999-76-8806,Massachusetts,,2140
26aa011e-0d75-d1a3-3c5a-560a9450cc9d,M,1976-09-17,,48.28747433,45–54,791 Lindgren Passage Apt 87,Worcester  Massachusetts  US,Chelmsford,Middlesex County,S99995834,nonhispanic,,Jesse626,0.0,12148.36,66918,Wolf938,42.57094151779865,-71.39127180250473,,M,Roosevelt595,X27680731X,Mr.,white,999-88-4732,Massachusetts,,0
2bbd76b7-e9a4-0597-7752-c228b9ffe6c1,F,2000-02-12,,24.8843258,15–24,650 Olson Station,Boston  Massachusetts  US,Winthrop,Suffolk County,S99946729,nonhispanic,25025.0,Lois157,795.84,10522.74,193916,Nienow652,42.40104541253845,-71.02318625295315,,,,X84206938X,Ms.,black,999-80-3561,Massachusetts,,2128
2c167999-289d-95fa-5c27-7d8b8d35348c,M,1978-11-09,,46.14373717,45–54,257 Wiza Forge Suite 31,Lowell  Massachusetts  US,Revere,Suffolk County,S99990542,nonhispanic,25025.0,Eliseo499,1805.2,13465.59,28811,Nader710,42.42403681433789,-70.99809615810418,,M,Laverne101,X33628476X,Mr.,white,999-81-3939,Massachusetts,,2151
2d68ad16-268a-478c-1f84-d0f1976e1a46,M,1943-05-27,,81.59890486,75–84,686 Hilpert Annex,Danvers  Massachusetts  US,Quincy,Norfolk County,S99940156,nonhispanic,25021.0,Mauro926,1774.44,18016.32,103247,Braun514,42.25937201985332,-71.01258393031146,,M,Isaias604,X13498519X,Mr.,white,999-71-2318,Massachusetts,,2186
2de4dd0d-f665-8a2e-4c6b-997735e14ace,M,1984-07-29,,40.42436687,35–44,793 Mayert Lodge Unit 44,Worcester  Massachusetts  US,Williamstown,Berkshire County,S99977410,nonhispanic,25003.0,Aron520,7265.16,4200.0,21658,Hammes673,42.72551449334875,-73.2719383343828,,S,Gary33,X25851538X,Mr.,white,999-50-9887,Massachusetts,,1267
322ab5c6-5846-ac1e-38cc-48b8cb441e20,F,2000-11-02,,24.1615332,15–24,936 McKenzie Key Suite 0,Dedham  Massachusetts  US,Stoneham,Middlesex County,S99963569,nonhispanic,25017.0,Lena684,8240.0,2800.0,12730,Williamson769,42.44363878608946,-71.13029745210538,,,Charlott617,X8156756X,Ms.,white,999-64-4805,Massachusetts,,2180
3236b1f8-2bc1-3e38-c539-a29407c6a206,F,1991-10-21,,33.19644079,25–34,996 Ankunding Approach Apt 1,Boston  Massachusetts  US,Boston,Suffolk County,S99948226,nonhispanic,25025.0,Krysta658,0.0,11735.56,93722,Aufderhar910,42.30116263498911,-71.07327757358904,Barrows492,M,Leah288,X67898627X,Mrs.,white,999-15-6186,Massachusetts,,2136
35b353dd-402b-571a-d67a-af0a104d0854,M,1941-05-27,,83.59753593,75–84,823 Rohan Walk,Stoughton  Massachusetts  US,Stoneham,Middlesex County,S99992425,nonhispanic,25017.0,Jody426,1761.16,18031.2,164182,Monahan736,42.430415118201786,-71.11493016497893,,M,,X36614126X,Mr.,white,999-46-5496,Massachusetts,,2180
46976cf7-b0bf-be20-39a5-9f425a52886d,F,1975-04-24,,49.68925394,45–54,794 Dicki Neck Unit 4,Toulouse  Occitanie  FR,Worcester,Worcester County,S99932362,nonhispanic,25027.0,Lindsay928,0.0,12408.8,95959,Zieme486,42.29589656519802,-71.86071035579968,,S,Deja232,X25859810X,Ms.,white,999-37-5783,Massachusetts,,1607
46ee9d82-b52c-856d-069b-5064ff052225,F,1937-11-20,,87.11293634,85+,925 Brown Annex,Marlborough  Massachusetts  US,Lowell,Middlesex County,S99964737,nonhispanic,25017.0,Shalanda398,1777.08,18426.48,124612,Terry864,42.62405815858057,-71.29962328132608,Terry864,M,Kelsie51,X37266349X,Mrs.,white,999-44-2741,Massachusetts,,1854
4760e5e7-fa82-b084-95cb-bb4564d42496,F,2006-02-01,,18.91307324,15–24,852 Runolfsson Lane Apt 56,Chelmsford  Massachusetts  US,Plympton,Plymouth County,S99981249,nonhispanic,,Genoveva361,0.0,10494.4,77958,Morar593,41.98891394871307,-70.83148546014188,,,Lilliam592,X12781176X,Ms.,white,999-59-3765,Massachusetts,,0
47d390c6-a1a2-1a80-dd1d-9722c7b24159,M,1973-07-07,,51.48528405,45–54,571 Hills Highlands Apt 93,Gardner  Massachusetts  US,Groveland,Essex County,S99984332,nonhispanic,,Demarcus108,0.0,12966.76,157143,Jones311,42.75571130132746,-71.05777902178957,,M,,X69374783X,Mr.,white,999-48-4421,Massachusetts,,0
4aaa0001-3832-cc52-e2f3-47aad08f4284,M,1989-12-07,,35.06639288,35–44,785 West Meadow Unit 75,Cordaville  Massachusetts  US,Lawrence,Essex County,S99970326,nonhispanic,25009.0,Marvin195,7491.56,3700.0,16471,Weissnat378,42.661351921050525,-71.19375948211975,,D,Minh326,X37893906X,Mr.,white,999-38-1206,Massachusetts,,1840
4e3a6f7b-ffb9-5478-ae0f-e03a42891892,F,1956-05-14,,68.63244353,65–74,296 Zemlak Ferry,North Scituate  Massachusetts  US,Hudson,Middlesex County,S99926658,nonhispanic,25017.0,Gerda633,471.0,16725.36,83270,Flatley871,42.37518481659668,-71.51241394395679,Trantow673,W,Mia349,X32515063X,Mrs.,white,999-15-2429,Massachusetts,,1749
4f083ce3-f12b-bb4b-7353-e17f0cd55b0a,M,1955-04-13,,69.71937029,65–74,332 Schulist Underpass,Onset  Massachusetts  US,Watertown,Middlesex County,S99975134,nonhispanic,25017.0,Ezekiel373,789.38,16265.2,141031,Walter473,42.32131597857709,-71.14289090408015,,W,Leslie90,X49753968X,Mr.,white,999-78-6352,Massachusetts,,2472
50ad813c-cbc2-47aa-eaaa-8694cbcd66c9,M,1971-12-25,,53.01848049,45–54,423 Cassin Center Apt 5,Vineyard Haven  Massachusetts  US,Agawam,Hampden County,S99922971,nonhispanic,25013.0,Randal152,8076.36,5300.0,23092,Gusikowski974,42.08870215095944,-72.63298083819818,,M,Walton167,X88930944X,Mr.,white,999-15-2028,Massachusetts,,1030
50b95daa-11fb-fb1d-f3aa-70e2d777e5ba,F,1986-08-19,,38.36824093,35–44,782 Gerhold Run Unit 18,Spencer  Massachusetts  US,Dedham,Norfolk County,S99941041,nonhispanic,25021.0,Yuk263,0.0,11192.36,62760,Aufderhar910,42.24840539947318,-71.1874771148357,Hoppe518,M,Agripina633,X88101890X,Mrs.,white,999-15-3798,Massachusetts,,2026
55133401-cd51-32bc-3046-82cb0a11d3da,M,1963-01-22,,61.94113621,55–64,746 Treutel Ferry,Douglas  Massachusetts  US,Lynn,Essex County,S99985025,nonhispanic,25009.0,Joesph309,3671.6,12023.96,25783,Blanda868,42.42307138525712,-70.94052200222924,,S,Young120,X9546323X,Mr.,white,999-94-9046,Massachusetts,,1907
5ba0a3f3-32f7-02b1-ec6a-8f568923954c,M,1955-08-29,,69.34154689,65–74,373 Rath Skyway,Northborough  Massachusetts  US,Boston,Suffolk County,S99982457,nonhispanic,25025.0,Faustino767,10522.2,6810.96,11168,Langworth352,42.392627527263805,-71.10595260610019,,M,Dominic463,X56604146X,Mr.,asian,999-72-6669,Massachusetts,,2127
5c39a9da-6fb0-3cbb-0181-add875529d46,M,1976-05-30,,48.58863792,45–54,1065 Hamill Center Suite 34,Barnstable  Massachusetts  US,Arlington,Middlesex County,S99953907,nonhispanic,25017.0,Edmond919,0.0,13770.83,60549,Ferry570,42.42077071107171,-71.13942291478861,,M,Benito209,X23962152X,Mr.,white,999-45-8329,Massachusetts,,2476
5e688e99-61b3-5c88-3f60-21df8aaced27,M,1976-11-11,,48.13689254,45–54,788 Hansen Skyway,Southwick  Massachusetts  US,Revere,Suffolk County,S99985715,nonhispanic,25025.0,Wallace647,7041.2,4550.0,22038,Effertz744,42.42585246178816,-70.94822090106521,,D,Raymond398,X6254196X,Mr.,native,999-87-5260,Massachusetts,,2151
5e7ebf2c-22ec-a89b-53ab-38edddd81be9,F,1973-07-16,,51.46064339,45–54,1071 Rau Run Suite 89,Wakefield  Massachusetts  US,Easthampton,Hampshire County,S99927501,nonhispanic,25015.0,Rosalba160,0.0,12409.6,36201,White193,42.33493367095153,-72.74444248366598,Larson43,M,,X40618642X,Mrs.,white,999-51-2537,Massachusetts,,1027
5efaa97c-4a6c-5f10-2c9c-8ffdefa57893,M,1994-12-05,,30.07255305,25–34,1042 Dickinson Orchard Unit 51,Worcester  Massachusetts  US,Amherst,Hampshire County,S99989276,nonhispanic,,Loyd638,0.0,11721.6,46339,Tromp100,42.36972069506625,-72.52918650873026,,S,Louis204,X44254746X,Mr.,white,999-58-1575,Massachusetts,,0
5fb3b9bc-eba6-e693-4e05-6bd91dbea56b,M,1942-03-23,,82.7761807,75–84,168 Murazik Terrace,Holbrook  Massachusetts  US,Quincy,Norfolk County,S99981162,nonhispanic,25021.0,Galen747,1371.82,19103.87,46761,Koelpin146,42.26048604451153,-71.02512729234769,,S,Scott935,X73083704X,Mr.,white,999-91-1975,Massachusetts,,2170
5fd603dd-1d6a-62be-0862-67ff6e3978b5,F,1965-09-15,,59.2936345,55–64,340 Braun Passage Apt 35,Mendon  Massachusetts  US,Worcester,Worcester County,S99975803,nonhispanic,25027.0,Lakesha141,8897.81,6100.53,4053,Shanahan202,42.262569851522706,-71.70588288847124,Koepp521,D,,X79546323X,Mrs.,white,999-38-2304,Massachusetts,,1608
6275db11-d13f-3576-ca29-c3f6247ac2dc,F,1973-11-08,,51.14579055,45–54,1038 Quitzon Lock Suite 18,Rockland  Massachusetts  US,Waltham,Middlesex County,S99932053,nonhispanic,25017.0,Teri144,0.0,12545.6,74220,Murphy561,42.366710676840846,-71.20453306255423,Hilpert278,M,Layne115,X70655244X,Mrs.,other,999-55-9695,Massachusetts,,2472
62f60bdb-cc5c-8305-b98b-f2b229a55eca,F,1978-04-13,,46.71868583,45–54,120 Collins Path Suite 22,Rehoboth  Massachusetts  US,Fall River,Bristol County,S99945203,nonhispanic,25005.0,Angel97,0.0,12277.78,74269,Block661,41.695915023588334,-71.14174870097861,Luettgen772,M,Rocio28,X10197544X,Mrs.,white,999-12-9859,Massachusetts,,2790
6550f07d-78c7-bd66-5faa-a6aa4604e490,M,1982-05-10,,42.64476386,35–44,520 Reynolds Grove Apt 81,Lynn  Massachusetts  US,Yarmouth,Barnstable County,S99920547,nonhispanic,,Junior695,2349.2,10600.72,26493,Cremin516,41.7202906256758,-70.25182290604654,,D,Rory188,X51306309X,Mr.,white,999-88-4335,Massachusetts,,0
6aed9210-c500-4375-b0fc-3374c40b8591,M,1993-04-22,,31.69336071,25–34,784 Strosin Hollow,Quincy  Massachusetts  US,Yarmouth,Barnstable County,S99971168,nonhispanic,,Lyman173,0.0,11734.76,42610,Runte676,41.65904472422945,-70.27041725336747,,S,,X64275540X,Mr.,white,999-77-1968,Massachusetts,,0
6bc4cd5d-0216-17a9-8192-ac2209957d3a,F,1953-04-21,,71.69609856,65–74,842 Koch Common,Lawrence  Massachusetts  US,Marblehead,Essex County,S99959768,hispanic,25009.0,Pamela954,1283.56,16595.2,232022,Waters156,42.47580526957799,-70.82787159698567,Thompson596,M,Gilma310,X43492482X,Mrs.,white,999-61-2767,Massachusetts,,1945
6e6a4d89-4709-5549-d696-94a38122b047,F,1997-10-24,,27.18685832,25–34,845 Streich View Unit 45,Gill  Massachusetts  US,Boston,Suffolk County,S99917175,nonhispanic,25025.0,Jammie261,3029.2,8283.6,27257,Gleichner915,42.37107534324914,-71.11434439247643,Gaylord332,M,Madge238,X854031X,Mrs.,white,999-17-3257,Massachusetts,,2109
6f45f2e9-a617-570a-8867-dec1260088bb,M,1967-07-17,,57.45927447,55–64,343 Feeney Terrace,Boston  Massachusetts  US,Lunenburg,Worcester County,S99996328,nonhispanic,25027.0,Carey440,0.0,14331.56,41535,Mraz590,42.63124155127892,-71.70650736593358,,W,Theo630,X11487632X,Mr.,white,999-43-6844,Massachusetts,,1462
6fbddf55-7096-b883-7cd3-260f27953080,F,1948-07-01,,76.50102669,75–84,205 Doyle Parade,Southwick  Massachusetts  US,Burlington,Middlesex County,S99980888,nonhispanic,25017.0,Clarinda196,11416.41,7404.37,18417,Hand679,42.50650523065799,-71.21144047274721,Mayert710,M,Serena400,X5171194X,Mrs.,white,999-94-1171,Massachusetts,,1730
715724a5-2018-a4ef-8f62-42ec13f9c91d,F,1941-03-13,,83.80287474,75–84,789 Weissnat Burg,Southbridge  Massachusetts  US,Wakefield,Middlesex County,S99976451,nonhispanic,25017.0,Rosella686,1753.2,18039.16,62618,Parker433,42.46288022737474,-71.03497924381752,,S,Ryan260,X11011136X,Ms.,white,999-84-8728,Massachusetts,,1880
7512bbb4-b22b-0979-6edc-389e16607ac7,F,1970-03-30,,54.75701574,45–54,256 Fritsch Pathway,Holden  Massachusetts  US,Chicopee,Hampden County,S99953773,nonhispanic,25013.0,Tamie596,1397.2,12782.32,30756,Armstrong51,42.20762223444945,-72.51757750751571,Herzog843,M,Joi660,X79301071X,Mrs.,black,999-53-5755,Massachusetts,,1013
75d6a35c-c2e1-5b9f-e7f8-6a5b05af8fc8,M,1964-02-22,,60.8569473,55–64,433 DuBuque Estate,Falmouth  Massachusetts  US,Upton,Worcester County,S99922380,nonhispanic,25027.0,Hiram237,0.0,17863.17,161960,Batz141,42.17105918362091,-71.64104395951323,,S,Abraham100,X42576994X,Mr.,white,999-44-7679,Massachusetts,,1568
76a1559f-a83a-59b9-ed07-4efd4a0f1b39,F,1993-10-18,,31.20328542,25–34,128 Strosin Well Unit 53,Boston  Massachusetts  US,Fall River,Bristol County,S99957297,nonhispanic,25005.0,Alethia102,2485.2,9895.27,27008,Denesik803,41.65519029426694,-71.13051179305559,Abernathy524,M,Beatris270,X9801019X,Mrs.,white,999-48-4172,Massachusetts,,2720
76b20010-c318-5754-8c85-983aa538522f,M,1943-02-19,,81.86447639,75–84,368 Marquardt Highlands,Charlton  Massachusetts  US,Newburyport,Essex County,S99946548,nonhispanic,25009.0,Jody426,1347.31,17973.2,878354,Hickle134,42.81308052119067,-70.83892862887681,,W,Jeffrey461,X42943164X,Mr.,white,999-62-9324,Massachusetts,,1950
7811dc30-8c86-8164-6c33-6b6f464745ef,F,1965-07-16,,59.46064339,55–64,250 Moen Underpass,Haiphong  Kiến An  VN,Boston,Suffolk County,S99940497,nonhispanic,25025.0,Mignon230,0.0,15544.32,867330,Hoeger474,42.2493184322369,-71.04883958043074,Towne435,M,,X79853396X,Mrs.,asian,999-38-9284,Massachusetts,,2151
79021b82-f370-50bb-c5a1-7333816d683f,F,1966-11-01,,58.16563997,55–64,1030 Lehner Branch,Worthington  Massachusetts  US,Malden,Middlesex County,S99986631,nonhispanic,25017.0,Evette961,0.0,14468.36,41107,Ullrich385,42.40649311093212,-71.02556291693962,Farrell962,D,,X19053513X,Mrs.,white,999-95-8494,Massachusetts,,2155
7b06ee52-df9a-8487-0be6-dff27cc7d519,F,1955-11-08,,69.14715948,65–74,285 Weissnat Park,Hamilton  Massachusetts  US,Attleboro,Bristol County,S99925497,nonhispanic,25005.0,Ressie457,1032.8,16830.72,137480,Nader710,41.90651572209241,-71.33004477600963,,S,Eneida722,X30725709X,Ms.,white,999-74-6657,Massachusetts,,2703
7bdd30f5-7598-e44a-c32c-f928becb9d5e,F,1973-07-07,,51.48528405,45–54,757 Nolan Haven Suite 44,Lowell  Massachusetts  US,Newton,Middlesex County,S99950094,nonhispanic,25017.0,Lavina533,0.0,12409.6,123819,Beier427,42.308788358946096,-71.26665082224034,Hartmann983,M,Christene303,X74694207X,Mrs.,black,999-30-7687,Massachusetts,,2460
7c913488-8c54-7aa0-a452-83dbc3ad8377,F,1963-10-20,,61.19917864,55–64,974 Langworth Station,Waltham  Massachusetts  US,Fall River,Bristol County,S99944244,nonhispanic,25005.0,Dian810,0.0,15422.76,39886,Kiehn525,41.708919287195464,-71.15822978508461,,S,Valda518,X78181520X,Ms.,white,999-65-4697,Massachusetts,,2747
7f50d0ba-ca6b-eaa7-d4f7-50dc977f2e50,F,1989-02-22,,35.85489391,35–44,537 Walsh Mission,Springfield  Massachusetts  US,Cambridge,Middlesex County,S99992578,nonhispanic,25017.0,Kerry175,469.44,10437.76,189971,Kertzmann286,42.342217069464965,-71.08808165812866,Dickens475,M,,X31952104X,Mrs.,white,999-36-3745,Massachusetts,,2140
8a378120-cbc8-8dc0-04be-44a8c807932f,F,1978-04-19,,46.70225873,45–54,1049 Luettgen Viaduct Apt 19,Medford  Massachusetts  US,Lexington,Middlesex County,S99964789,nonhispanic,25017.0,Santa373,0.0,12277.78,198861,Nikolaus26,42.42593269226924,-71.26559591289288,Gerlach374,D,,X43359763X,Mrs.,white,999-82-7326,Massachusetts,,2421
8c5fa9a2-4100-1e1c-1287-7effbfe0c0d2,F,1948-04-29,,76.67351129,75–84,685 Batz Trafficway,Malden  Massachusetts  US,Everett,Middlesex County,S99962284,nonhispanic,25017.0,Rubie803,11642.76,6920.0,18729,King743,42.44898777553662,-71.03233660443625,,S,Angle307,X24484486X,Ms.,white,999-72-6214,Massachusetts,,2149
922fb35e-148d-9e82-7e65-bfa05e3b3515,F,1985-03-28,,39.76180698,35–44,324 Reinger Highlands Apt 29,Newburyport  Massachusetts  US,Grafton,Worcester County,S99922070,nonhispanic,,Agnes294,0.0,11465.16,149894,Jakubowski832,42.2478081602492,-71.65074972716741,Muller251,M,Laree109,X55013185X,Mrs.,white,999-74-7973,Massachusetts,,0
9255b577-57ec-5114-269d-ae0e5e12f290,F,1976-05-24,,48.60506502,45–54,554 Yost Underpass Unit 38,Worcester  Massachusetts  US,Medford,Middlesex County,S99956833,nonhispanic,25017.0,Laraine204,0.0,12278.58,42139,Hane680,42.4348023516352,-71.12670436490349,Jaskolski867,D,Alpha246,X32295784X,Mrs.,white,999-38-1139,Massachusetts,MD,2155
947c82ee-1735-c9ed-8210-38cb93d8070c,F,1968-12-10,,56.05749487,55–64,350 Quigley Mill,Medfield  Massachusetts  US,Boston,Suffolk County,S99915865,nonhispanic,25025.0,Marcell728,0.0,14317.23,107995,Jaskolski867,42.27694894483813,-71.13954379177159,Hammes673,D,Augusta206,X46048620X,Mrs.,white,999-50-9740,Massachusetts,,2131
9661a432-4630-2cd9-142c-386845fae837,M,1949-07-13,,75.46885695,75–84,558 O'Connell Trafficway,Fitchburg  Massachusetts  US,Whitman,Plymouth County,S99959463,nonhispanic,,Paul232,10979.0,7310.96,22146,Tremblay80,42.04733216768621,-70.93867701050462,,M,Francisco472,X11711083X,Mr.,white,999-46-9582,Massachusetts,,0
982750f4-569b-5949-196b-60699bdda3fb,F,1987-10-09,,37.229295,35–44,864 Wisozk Skyway Suite 4,Scituate  Massachusetts  US,Lowell,Middlesex County,S99951183,nonhispanic,25017.0,Dwana281,0.0,12258.68,51919,Green467,42.66502947266086,-71.34409739443451,Schuppe920,M,Zora492,X68573465X,Mrs.,white,999-41-6411,Massachusetts,,1851
994d6249-48af-8064-c677-0fb58b1b59a8,M,2005-03-21,,19.78097194,15–24,471 Mosciski Center Apt 23,Pittsfield  Massachusetts  US,Peabody,Essex County,S99969420,nonhispanic,25009.0,Hai304,8344.4,2150.0,2326,Marvin195,42.55653926882928,-70.9789267585948,,,,X38386363X,Mr.,white,999-83-4738,Massachusetts,,1960
9dc02e0c-624b-81c6-4648-829d5074bf90,M,1994-09-04,,30.32443532,25–34,191 Greenholt Club Suite 47,Waltham  Massachusetts  US,Tewksbury,Middlesex County,S99962059,nonhispanic,,Riley817,0.0,12278.76,61531,Spinka232,42.569950313543664,-71.25030432311135,,S,Jarod376,X22590278X,Mr.,white,999-38-1204,Massachusetts,,0
a0c03c21-c7e2-54b4-175d-a01e8ba6de7b,F,1975-10-12,,49.22108145,45–54,1077 Luettgen Glen,Westford  Massachusetts  US,Belmont,Middlesex County,S99931191,nonhispanic,25017.0,Dawn804,0.0,15968.47,164361,Jenkins714,42.42513397198988,-71.15702261667204,,S,,X70398245X,Ms.,asian,999-22-1126,Massachusetts,,2478
a203c138-c1f4-67db-655a-5138756a96c7,F,1964-08-24,,60.35318275,55–64,320 Collins Terrace,Scituate  Massachusetts  US,Weymouth,Norfolk County,S99986923,nonhispanic,25021.0,Mariela993,0.0,15149.96,124477,O'Hara248,42.21746868194054,-70.96548246455204,Abernathy524,M,Alyce744,X66102840X,Mrs.,white,999-87-6157,Massachusetts,,2189
a296a2ba-b1ad-a3c5-d172-aa3dfdbcdab9,F,1984-09-23,,40.27104723,35–44,724 Nolan Camp Unit 48,Wilmington  Massachusetts  US,Brockton,Plymouth County,S99924213,nonhispanic,25023.0,Pok428,8091.11,4551.36,17562,Runolfsdottir785,42.05090474227868,-71.05907038727557,Lindgren255,M,Kerrie266,X17853681X,Mrs.,white,999-31-8127,Massachusetts,,2301
a2fb233f-60e0-b477-cd38-af3923f792a3,M,1998-09-01,,26.33264887,25–34,144 Hartmann Viaduct Apt 57,Boston  Massachusetts  US,Amesbury,Essex County,S99949284,nonhispanic,25009.0,Tanner110,3029.2,8010.8,32449,Mitchell808,42.89434519466137,-70.98429749490316,,,Amos720,X38016033X,Mr.,white,999-43-3625,Massachusetts,,1913
a56f7570-fa42-cebe-bded-330118a4268c,M,1991-09-22,,33.27583847,25–34,107 Leannon Passage Apt 66,Northampton  Massachusetts  US,Worcester,Worcester County,S99983452,nonhispanic,25027.0,Stuart913,2349.2,9386.36,32311,Price929,42.3800271451104,-71.80908497434591,,S,Issac619,X88296960X,Mr.,white,999-23-8973,Massachusetts,,1608
a7b1943e-4400-ed7b-2b1f-67b40f8f36e2,M,1979-05-26,,45.60164271,45–54,279 Pfannerstill Pathway,Boston  Massachusetts  US,Milton,Norfolk County,S99948664,nonhispanic,25021.0,Rosario163,0.0,14451.17,837723,Runolfsson901,42.22887244291295,-71.11183655990015,,M,,X46814979X,Mr.,white,999-41-4188,Massachusetts,,2186
aa616abe-1761-0c9a-7959-07544679dafd,F,2001-06-24,,23.52087611,15–24,997 Grant Row Unit 85,Hanoi  Hà Đông  VN,Peabody,Essex County,S99936486,nonhispanic,25009.0,Jona712,0.0,10767.2,81174,Robel940,42.52301776095647,-71.05524780399834,,,Bonnie873,X42855597X,Ms.,asian,999-83-4774,Massachusetts,,1960
aee7bbe1-0c45-c028-1e62-1f4cdb30c273,M,1972-06-05,,52.57221081,45–54,265 Schamberger Rapid Unit 70,New Bedford  Massachusetts  US,Whitman,Plymouth County,S99915883,nonhispanic,,Wilfredo622,0.0,13774.51,102779,Fritsch593,42.095113614046355,-70.96780531615718,,D,Isaiah615,X77243292X,Mr.,white,999-21-5544,Massachusetts,,0
b27ee48d-2590-6e78-ee68-28a31a2b37e1,M,1939-02-23,,85.85352498,85+,411 Wyman Trace,Sutton  Massachusetts  US,Springfield,Hampden County,S99963180,nonhispanic,25013.0,Rod343,1765.8,23196.23,36897,Grimes165,42.168500907886155,-72.50253754830902,,M,Pat3,X62658976X,Mr.,white,999-74-9447,Massachusetts,,1106
b329ef8d-a18b-a62f-aa37-7b5ca4504f4b,M,1984-02-06,,40.90075291,35–44,384 Breitenberg Center Suite 99,Cambridge  Massachusetts  US,Springfield,Hampden County,S99976164,nonhispanic,25013.0,Hans694,0.0,14599.09,41204,Bogisich202,42.167554305577,-72.63817312402368,,D,Orval846,X54752705X,Mr.,black,999-49-8193,Massachusetts,,1108
b6a1cac9-8873-36a7-e726-4aad8a07d44d,M,1938-06-16,,86.54346338,85+,1055 Miller Vale,Boston  Massachusetts  US,Needham,Norfolk County,S99982902,nonhispanic,25021.0,Renaldo199,13764.69,9696.43,4325,Crist667,42.26122529424496,-71.26130415300472,,M,,X61098896X,Mr.,white,999-64-3707,Massachusetts,,2492
ba419d35-0dfe-8af7-347c-eebf02485a56,F,1953-11-03,,71.15947981,65–74,1028 Hoeger Crossroad,Chelmsford  Massachusetts  US,Franklin,Norfolk County,S99991862,nonhispanic,25021.0,Corie618,10974.83,7019.36,18756,Runolfsdottir785,42.05592795971821,-71.36775579073067,Jast432,M,Sofia418,X87584710X,Mrs.,white,999-49-6110,Massachusetts,,2038
bec25def-e2ce-2fe3-4022-747293bc775e,M,2001-07-27,,23.43052704,15–24,357 Schmidt Way,San Jose  San Jose  CR,Boston,Suffolk County,S99944172,hispanic,25025.0,Martín25,0.0,11324.36,875378,Cervántez278,42.30584940064272,-71.10392726235979,,,,X19483918X,Mr.,white,999-21-7720,Massachusetts,,2215
bff9d9d5-ee3d-d852-9c67-36d8361a4a4a,M,1940-09-28,,84.25735797,75–84,438 Schowalter Bypass,Ludlow  Massachusetts  US,Needham,Norfolk County,S99960705,nonhispanic,25021.0,Rosario163,1785.04,18144.12,179146,Ortiz186,42.24438127173491,-71.28164193392622,,S,,X43676894X,Mr.,asian,999-45-1987,Massachusetts,,2494
c053e996-a4c4-6c02-e2b6-284227156c67,F,1968-11-05,,56.15331964,55–64,663 Blick Plaza,Windsor  Massachusetts  US,Milford,Worcester County,S99929834,hispanic,25027.0,Sharyn437,0.0,14058.76,51905,Reilly981,42.17459827182851,-71.55903801727968,Hagenes547,M,Anette189,X84827397X,Mrs.,black,999-10-8066,Massachusetts,,1757
c0a47dee-cc72-29ce-df5a-ea6d306c36a4,M,1985-08-24,,39.35386721,35–44,299 Witting Vale Apt 11,Brookline  Massachusetts  US,Fall River,Bristol County,S99962508,nonhispanic,25005.0,Jonathan639,0.0,11465.16,129734,Carroll471,41.71443190444846,-71.17965584682092,,D,Vernon254,X87971688X,Mr.,white,999-95-9468,Massachusetts,,2747
c53d3c4b-b3b9-3303-5a5b-ee949726f4ca,F,1975-10-09,,49.229295,45–54,348 Dooley Frontage road Suite 71,Woburn  Massachusetts  US,Marlborough,Middlesex County,S99931515,nonhispanic,25017.0,Sharyn437,0.0,12421.16,905454,Connelly992,42.36142722203717,-71.5134079425191,VonRueden376,M,,X88419478X,Mrs.,white,999-27-7698,Massachusetts,,1752
c66e4f6a-5dd7-04e6-a6c2-b9f4122446d2,M,1995-11-13,,29.13347023,25–34,1089 Hahn Way Unit 93,Greenfield  Massachusetts  US,Yarmouth,Barnstable County,S99952210,nonhispanic,,Xavier983,8619.96,3250.0,22153,VonRueden376,41.71540239141704,-70.27307585261315,,M,Toby274,X50815090X,Mr.,white,999-38-9157,Massachusetts,,0
c86c400e-ff88-a1e3-2e23-caa4d8311f47,M,1946-08-25,,78.35181383,75–84,479 Haag Camp,Santo Domingo  National District  DO,Saugus,Essex County,S99964404,hispanic,25009.0,Cristobal567,1717.86,17376.97,109315,Montero62,42.433320618228656,-70.96440007767636,,D,Alfredo17,X3659748X,Mr.,white,999-14-5114,Massachusetts,,1906
ce2e160d-4a41-c64a-859f-2653d0ec39ad,M,1935-04-19,,89.70294319,85+,595 Parisian Avenue,Dover  Massachusetts  US,Boston,Suffolk County,S99957984,nonhispanic,25025.0,Bradly656,1913.72,18563.44,198717,Zemlak964,42.29273594993021,-71.09616125989548,,M,,X78651500X,Mr.,white,999-82-8005,Massachusetts,,2120
ce44621f-406f-233d-11a3-22cdc96f9aec,F,1967-01-24,,57.93566051,55–64,1093 Gutmann Trail,Forestdale  Massachusetts  US,Boston,Suffolk County,S99977389,nonhispanic,25025.0,Blake449,0.0,16651.21,692387,Konopelski743,42.3950841900048,-70.96451168302201,,S,See995,X38482876X,Ms.,black,999-28-2268,Massachusetts,MD,2134
cf22cde5-48e9-1907-78ec-42abd6782fbe,F,1962-06-30,,62.50513347,55–64,607 Wuckert Quay,Newton  Massachusetts  US,Boston,Suffolk County,S99962977,nonhispanic,25025.0,Letty680,9259.56,6300.0,2130,Koelpin146,42.31359280953481,-71.10955868482927,Predovic534,M,,X79371729X,Mrs.,white,999-30-2282,Massachusetts,,2215
d15b23ed-02d5-3e28-efbd-2604425317c5,M,1973-06-26,,51.51540041,45–54,640 Prosacco Street Suite 54,Lawrence  Massachusetts  US,Boston,Suffolk County,S99938106,nonhispanic,25025.0,Ivan258,8039.56,5200.0,4255,Goodwin327,42.243413698535726,-71.0777962572229,,M,,X49519611X,Mr.,white,999-23-1094,Massachusetts,,2152
d20bc0bc-3051-ae6f-f391-ceec7ec0370f,F,1975-07-03,,49.49760438,45–54,976 Kilback Lodge Apt 46,Lawrence  Massachusetts  US,Somerville,Middlesex County,S99971279,nonhispanic,25017.0,Lavette209,8015.96,4950.0,21963,Rippin620,42.43372945231455,-71.12951030106568,Kozey370,M,Cathrine584,X36438028X,Mrs.,white,999-62-3335,Massachusetts,,2143
d3727ff2-5d7b-347f-d78c-edc4323cf890,F,1977-04-02,,47.74811773,45–54,777 Bosco Union Suite 34,Weymouth  Massachusetts  US,Boston,Suffolk County,S99923351,nonhispanic,25025.0,Eunice461,0.0,12284.36,56736,Fay398,42.29039304794446,-71.16480709371824,,S,Diann220,X81495829X,Ms.,black,999-94-4285,Massachusetts,,2108
d3cb6736-0991-40ed-a220-7c714aba4c37,M,1993-04-28,,31.67693361,25–34,1089 Casper Branch Apt 85,Raynham  Massachusetts  US,Burlington,Middlesex County,S99992517,nonhispanic,25017.0,Tristan353,0.0,12254.29,130944,Reichel38,42.5307188102959,-71.15633262385516,,S,Josh874,X576229X,Mr.,white,999-18-9450,Massachusetts,,1730
d57841fa-c9e2-a3d1-0e78-09bdbe4eed66,F,1996-11-25,,28.09856263,25–34,891 Mraz Bridge Apt 79,Pittsfield  Massachusetts  US,Rockland,Plymouth County,S99951072,nonhispanic,,Jessica140,0.0,11312.8,145475,Rutherford999,42.10199239245121,-70.88759784295742,McKenzie376,M,Susannah249,X74422479X,Mrs.,white,999-78-2116,Massachusetts,,0
dd9da64b-7b38-4f91-e75d-b1268dde60d4,F,1984-12-20,,40.03011636,35–44,684 Welch Arcade Apt 38,Plymouth  Massachusetts  US,Newbury,Essex County,S99943273,nonhispanic,,Donnetta255,0.0,11465.16,80611,Leffler128,42.755623461497834,-70.84243591079736,Jenkins714,M,Alexandria361,X8149264X,Mrs.,black,999-51-2949,Massachusetts,,0
df2f3ddb-2760-b3c7-40be-f2fbee474089,M,1979-06-17,,45.54140999,45–54,183 Abernathy Alley,Lynn  Massachusetts  US,Lincoln,Middlesex County,S99985272,nonhispanic,,Dallas143,0.0,13359.52,153761,Jacobi462,42.45431978149434,-71.32437661830932,,S,,X6095428X,Mr.,white,999-49-5175,Massachusetts,,0
e4dffd18-650e-d1a9-f0bb-df102547605e,F,1940-03-14,,84.79945243,75–84,234 Kuhn Gardens Apt 2,Monomoscoy Island  Massachusetts  US,Boston,Suffolk County,S99943103,nonhispanic,25025.0,Alejandrina481,1800.96,18128.2,185567,Nolan344,42.28274948068507,-71.17424316256192,Wisoky380,M,,X1600569X,Mrs.,white,999-81-8799,Massachusetts,,2136
e632520a-2e4f-3419-c0f1-1f7b89f11d9c,F,1995-05-17,,29.62628337,25–34,676 Konopelski Vista Unit 69,Springfield  Massachusetts  US,Rockland,Plymouth County,S99989332,nonhispanic,,Katherine209,0.0,11869.96,138280,Raynor401,42.10281268055316,-70.90121885041935,Schamberger479,M,Lieselotte680,X71506732X,Mrs.,white,999-67-4307,Massachusetts,,0
e74367bd-7385-97dc-2c7f-251b4cd9fe29,F,2003-04-18,,21.70568104,15–24,911 Hauck Key Suite 34,Greenfield  Massachusetts  US,Arlington,Middlesex County,S99931138,nonhispanic,25017.0,Tennille443,8996.36,2600.0,23284,Rosenbaum794,42.41678968179605,-71.12736743578557,,,Denna536,X8713055X,Ms.,white,999-21-9587,Massachusetts,,2476
e89af71d-4aa4-2237-e71d-6fa8e4b5af09,F,1994-07-05,,30.49144422,25–34,822 Lubowitz Estate Unit 52,Portsmouth  Saint John Parish  DM,Boston,Suffolk County,S99999532,hispanic,25025.0,Adela471,0.0,11585.6,43858,Romero158,42.32144859669666,-71.08040777647568,,S,Lilia791,X4950469X,Ms.,white,999-20-6584,Massachusetts,,2119
eb5910f1-26e6-bc6f-b300-716eae678d6f,F,1937-03-30,,87.75633128,85+,861 Swift Lock,Revere  Massachusetts  US,Haverhill,Essex County,S99979682,nonhispanic,25009.0,Larissa293,1853.36,18607.76,47596,Kub800,42.84610565164186,-71.046128370516,Bins636,M,Jackeline690,X17107169X,Mrs.,white,999-20-9963,Massachusetts,,1832
f0af24ba-22df-a2a6-ca80-9814fb6febff,M,1950-11-10,,74.14099932,65–74,150 Watsica Dam,Swansea  Massachusetts  US,Agawam,Hampden County,S99914104,hispanic,25013.0,Caleb651,1395.0,16622.16,58325,Wiza601,42.119665041008176,-72.69659106495038,,D,Mitchell808,X5092725X,Mr.,white,999-17-4968,Massachusetts,,1030
f32a088b-988b-d7d5-008b-89ea4ed1fc48,M,1991-04-01,,33.7522245,25–34,1090 Crist Spur Suite 38,Worcester  Massachusetts  US,Cambridge,Middlesex County,S99968341,nonhispanic,25017.0,Wayne846,7985.56,3750.0,10954,McLaughlin530,42.352797605821735,-71.13017025866257,,S,Norris589,X39092587X,Mr.,black,999-97-4202,Massachusetts,,2140
f95a6723-14a5-c4b6-78df-fa97f7ab361c,F,1995-08-08,,29.39904175,25–34,632 Halvorson Rapid Apt 32,Springfield  Massachusetts  US,Mansfield,Bristol County,S99960601,nonhispanic,,Roxann426,469.44,10843.36,696664,Bosco882,42.05025821414531,-71.26530895738023,,S,,X22214207X,Ms.,white,999-46-9505,Massachusetts,,0
f9dd6522-9d7a-93cd-c9c9-4fe118627441,F,1936-09-17,,88.28747433,85+,434 Koelpin Arcade,Dracut  Massachusetts  US,West Springfield,Hampden County,S99960234,nonhispanic,25013.0,Peggie783,1952.2,18388.16,76020,Wiza601,42.09090611901511,-72.61294556640303,,S,Ima629,X22346491X,Ms.,white,999-21-2090,Massachusetts,,1089
