PATIENT,CODE,START,STOP,DESCRIPTION,DISPENSES,BASE_COST,ENCOUNTER,PAYER,PAYER_COVERAGE,REASONCODE,REASONDESCRIPTION,TOTALCOST
17cb5ccc-4c1f-9747-f535-e57cd464679d,310798,1997-05-16,,Hydrochlorothiazide 25 MG Oral Tablet,118,0.45,17cb5ccc-4c1f-9747-dd58-7944e3bbe1cc,e03e23c9-4df1-3eb6-a62d-f70f02301496,0.0,59621000,Essential hypertension (disorder),53.1
17cb5ccc-4c1f-9747-f535-e57cd464679d,314076,1997-05-16,,lisinopril 10 MG Oral Tablet,118,0.91,17cb5ccc-4c1f-9747-dd58-7944e3bbe1cc,e03e23c9-4df1-3eb6-a62d-f70f02301496,0.0,59621000,Essential hypertension (disorder),107.38
18b101ed-6582-7193-5a1a-cac8e8de151c,314076,1998-08-02,,lisinopril 10 MG Oral Tablet,113,0.91,18b101ed-6582-7193-b58c-0632602c4002,8fa6c185-e44e-3e34-8bd8-39be8694f4ce,0.0,59621000,Essential hypertension (disorder),102.83
18b101ed-6582-7193-5a1a-cac8e8de151c,310798,1998-09-01,,Hydrochlorothiazide 25 MG Oral Tablet,113,0.45,18b101ed-6582-7193-d480-95ecaf9947ae,8fa6c185-e44e-3e34-8bd8-39be8694f4ce,0.0,59621000,Essential hypertension (disorder),50.85
2c167999-289d-95fa-5c27-7d8b8d35348c,310798,2010-01-21,,Hydrochlorothiazide 25 MG Oral Tablet,66,0.45,2c167999-289d-95fa-1c1d-1aee0fe28cd5,0133f751-9229-3cfd-815f-b6d4979bdd6a,0.0,59621000,Essential hypertension (disorder),29.7
2c167999-289d-95fa-5c27-7d8b8d35348c,314076,2010-01-21,,lisinopril 10 MG Oral Tablet,66,0.91,2c167999-289d-95fa-1c1d-1aee0fe28cd5,0133f751-9229-3cfd-815f-b6d4979bdd6a,0.0,59621000,Essential hypertension (disorder),60.06
2c167999-289d-95fa-5c27-7d8b8d35348c,308136,2010-02-20,,amLODIPine 2.5 MG Oral Tablet,66,1.22,2c167999-289d-95fa-5569-aa3768d8ee2f,0133f751-9229-3cfd-815f-b6d4979bdd6a,0.0,59621000,Essential hypertension (disorder),80.52
5c39a9da-6fb0-3cbb-0181-add875529d46,314076,2016-06-05,,lisinopril 10 MG Oral Tablet,41,0.91,5c39a9da-6fb0-3cbb-3d88-84e868fbf2bb,0133f751-9229-3cfd-815f-b6d4979bdd6a,0.0,59621000,Essential hypertension (disorder),37.31
5c39a9da-6fb0-3cbb-0181-add875529d46,310798,2016-07-05,,Hydrochlorothiazide 25 MG Oral Tablet,40,0.91,5c39a9da-6fb0-3cbb-62cb-f3cc77291eff,0133f751-9229-3cfd-815f-b6d4979bdd6a,0.0,59621000,Essential hypertension (disorder),36.4
5fb3b9bc-eba6-e693-4e05-6bd91dbea56b,308136,1995-04-10,,amLODIPine 2.5 MG Oral Tablet,127,0.91,5fb3b9bc-eba6-e693-21d1-2063aae5ce33,e03e23c9-4df1-3eb6-a62d-f70f02301496,0.0,59621000,Essential hypertension (disorder),115.57
5fb3b9bc-eba6-e693-4e05-6bd91dbea56b,314076,1995-05-10,,lisinopril 10 MG Oral Tablet,126,0.91,5fb3b9bc-eba6-e693-fe3b-7b6d707db39e,e03e23c9-4df1-3eb6-a62d-f70f02301496,0.0,59621000,Essential hypertension (disorder),114.66
5fb3b9bc-eba6-e693-4e05-6bd91dbea56b,310798,1995-07-09,,Hydrochlorothiazide 25 MG Oral Tablet,126,0.84,5fb3b9bc-eba6-e693-ae53-4837f3310865,e03e23c9-4df1-3eb6-a62d-f70f02301496,0.0,59621000,Essential hypertension (disorder),105.84
5fd603dd-1d6a-62be-0862-67ff6e3978b5,310798,2016-09-21,,Hydrochlorothiazide 25 MG Oral Tablet,39,0.53,5fd603dd-1d6a-62be-5e2b-d27d0854714e,df166300-5a78-3502-a46a-832842197811,0.0,59621000,Essential hypertension (disorder),20.67
6550f07d-78c7-bd66-5faa-a6aa4604e490,314076,2022-05-16,,lisinopril 10 MG Oral Tablet,17,0.91,6550f07d-78c7-bd66-14ad-a42361be9dff,8fa6c185-e44e-3e34-8bd8-39be8694f4ce,0.0,59621000,Essential hypertension (disorder),15.47
6fbddf55-7096-b883-7cd3-260f27953080,308136,1998-07-02,,amLODIPine 2.5 MG Oral Tablet,113,1.37,6fbddf55-7096-b883-4b2a-9d29ef3905b7,df166300-5a78-3502-a46a-832842197811,0.0,59621000,Essential hypertension (disorder),154.81
7512bbb4-b22b-0979-6edc-389e16607ac7,308136,2022-04-11,,amLODIPine 2.5 MG Oral Tablet,17,0.91,7512bbb4-b22b-0979-1688-d11e2daef06a,0133f751-9229-3cfd-815f-b6d4979bdd6a,0.0,59621000,Essential hypertension (disorder),15.47
75d6a35c-c2e1-5b9f-e7f8-6a5b05af8fc8,308136,1998-05-09,,amLODIPine 2.5 MG Oral Tablet,114,0.91,75d6a35c-c2e1-5b9f-4353-eca15f6f393f,26aab0cd-6aba-3e1b-ac5b-05c8867e762c,0.0,59621000,Essential hypertension (disorder),103.74
75d6a35c-c2e1-5b9f-e7f8-6a5b05af8fc8,310798,1998-06-08,,Hydrochlorothiazide 25 MG Oral Tablet,114,0.45,75d6a35c-c2e1-5b9f-e15c-e406c1fe15cf,26aab0cd-6aba-3e1b-ac5b-05c8867e762c,0.0,59621000,Essential hypertension (disorder),51.3
76a1559f-a83a-59b9-ed07-4efd4a0f1b39,314076,2024-12-30,,lisinopril 10 MG Oral Tablet,6,0.91,76a1559f-a83a-59b9-aebd-af010af232f1,734afbd6-4794-363b-9bc0-6a3981533ed5,0.0,59621000,Essential hypertension (disorder),5.46
76a1559f-a83a-59b9-ed07-4efd4a0f1b39,310798,2025-01-29,,Hydrochlorothiazide 25 MG Oral Tablet,6,0.45,76a1559f-a83a-59b9-6cc3-ea04ad9285ba,734afbd6-4794-363b-9bc0-6a3981533ed5,0.0,59621000,Essential hypertension (disorder),2.7
76b20010-c318-5754-8c85-983aa538522f,314076,2019-07-19,,lisinopril 10 MG Oral Tablet,28,0.91,76b20010-c318-5754-b9b0-99f9f6b191cb,a735bf55-83e9-331a-899d-a82a60b9f60c,0.0,59621000,Essential hypertension (disorder),25.48
76b20010-c318-5754-8c85-983aa538522f,310798,2019-08-18,,Hydrochlorothiazide 25 MG Oral Tablet,28,0.45,76b20010-c318-5754-40d8-0512a324d27e,a735bf55-83e9-331a-899d-a82a60b9f60c,0.36,59621000,Essential hypertension (disorder),12.6
7811dc30-8c86-8164-6c33-6b6f464745ef,314076,2011-08-05,,lisinopril 10 MG Oral Tablet,60,0.91,7811dc30-8c86-8164-16a4-d7ad5859bf78,d31fccc3-1767-390d-966a-22a5156f4219,0.0,59621000,Essential hypertension (disorder),54.6
7b06ee52-df9a-8487-0be6-dff27cc7d519,308136,2003-12-02,,amLODIPine 2.5 MG Oral Tablet,91,0.91,7b06ee52-df9a-8487-23f7-6ad8aaad3ee6,26aab0cd-6aba-3e1b-ac5b-05c8867e762c,0.0,59621000,Essential hypertension (disorder),82.81
947c82ee-1735-c9ed-8210-38cb93d8070c,308136,2019-12-17,,amLODIPine 2.5 MG Oral Tablet,26,1.37,947c82ee-1735-c9ed-aa88-cdd7138da1e1,b046940f-1664-3047-bca7-dfa76be352a4,0.0,59621000,Essential hypertension (disorder),35.62
947c82ee-1735-c9ed-8210-38cb93d8070c,310798,2020-01-16,,Hydrochlorothiazide 25 MG Oral Tablet,26,0.45,947c82ee-1735-c9ed-d65a-a829c8fbeef6,b046940f-1664-3047-bca7-dfa76be352a4,0.0,59621000,Essential hypertension (disorder),11.7
982750f4-569b-5949-196b-60699bdda3fb,314076,2021-12-24,,lisinopril 10 MG Oral Tablet,18,0.91,982750f4-569b-5949-b7e9-1cb14fbbdb19,8fa6c185-e44e-3e34-8bd8-39be8694f4ce,0.0,59621000,Essential hypertension (disorder),16.38
982750f4-569b-5949-196b-60699bdda3fb,308136,2022-01-23,,amLODIPine 2.5 MG Oral Tablet,18,0.91,982750f4-569b-5949-0f93-d133d491a85c,8fa6c185-e44e-3e34-8bd8-39be8694f4ce,0.0,59621000,Essential hypertension (disorder),16.38
a0c03c21-c7e2-54b4-175d-a01e8ba6de7b,314076,2003-12-21,,lisinopril 10 MG Oral Tablet,91,0.91,a0c03c21-c7e2-54b4-605d-7ab3166469df,b046940f-1664-3047-bca7-dfa76be352a4,0.0,59621000,Essential hypertension (disorder),82.81
a296a2ba-b1ad-a3c5-d172-aa3dfdbcdab9,314076,2021-12-12,,lisinopril 10 MG Oral Tablet,18,0.91,a296a2ba-b1ad-a3c5-5186-69de713d6642,df166300-5a78-3502-a46a-832842197811,0.0,59621000,Essential hypertension (disorder),16.38
a296a2ba-b1ad-a3c5-d172-aa3dfdbcdab9,310798,2022-01-11,,Hydrochlorothiazide 25 MG Oral Tablet,18,0.45,a296a2ba-b1ad-a3c5-a276-6b8f084e1a01,df166300-5a78-3502-a46a-832842197811,0.0,59621000,Essential hypertension (disorder),8.1
a7b1943e-4400-ed7b-2b1f-67b40f8f36e2,310798,2013-08-10,,Hydrochlorothiazide 25 MG Oral Tablet,52,0.45,a7b1943e-4400-ed7b-2600-8c57a54adf6b,b046940f-1664-3047-bca7-dfa76be352a4,0.0,59621000,Essential hypertension (disorder),23.4
a7b1943e-4400-ed7b-2b1f-67b40f8f36e2,314076,2013-08-10,,lisinopril 10 MG Oral Tablet,52,0.91,a7b1943e-4400-ed7b-2600-8c57a54adf6b,b046940f-1664-3047-bca7-dfa76be352a4,0.0,59621000,Essential hypertension (disorder),47.32
aee7bbe1-0c45-c028-1e62-1f4cdb30c273,314076,2014-06-16,,lisinopril 10 MG Oral Tablet,49,0.91,aee7bbe1-0c45-c028-f299-f58cabd8c229,b046940f-1664-3047-bca7-dfa76be352a4,0.0,59621000,Essential hypertension (disorder),44.59
b27ee48d-2590-6e78-ee68-28a31a2b37e1,314076,1961-04-27,,lisinopril 10 MG Oral Tablet,264,0.91,b27ee48d-2590-6e78-1562-b4380254f7ed,e03e23c9-4df1-3eb6-a62d-f70f02301496,0.0,59621000,Essential hypertension (disorder),240.24
b27ee48d-2590-6e78-ee68-28a31a2b37e1,308136,1961-05-27,,amLODIPine 2.5 MG Oral Tablet,264,0.91,b27ee48d-2590-6e78-bec7-e85eaca61fac,e03e23c9-4df1-3eb6-a62d-f70f02301496,0.0,59621000,Essential hypertension (disorder),240.24
b329ef8d-a18b-a62f-aa37-7b5ca4504f4b,310798,2012-04-16,,Hydrochlorothiazide 25 MG Oral Tablet,57,0.76,b329ef8d-a18b-a62f-cab3-ae1a6b5f1f77,e03e23c9-4df1-3eb6-a62d-f70f02301496,0.0,59621000,Essential hypertension (disorder),43.32
b329ef8d-a18b-a62f-aa37-7b5ca4504f4b,314076,2012-04-16,,lisinopril 10 MG Oral Tablet,57,0.91,b329ef8d-a18b-a62f-cab3-ae1a6b5f1f77,e03e23c9-4df1-3eb6-a62d-f70f02301496,0.0,59621000,Essential hypertension (disorder),51.87
b329ef8d-a18b-a62f-aa37-7b5ca4504f4b,308136,2012-05-16,,amLODIPine 2.5 MG Oral Tablet,57,1.37,b329ef8d-a18b-a62f-a80e-8073e8d4761c,e03e23c9-4df1-3eb6-a62d-f70f02301496,0.0,59621000,Essential hypertension (disorder),78.09
b6a1cac9-8873-36a7-e726-4aad8a07d44d,314076,1969-08-28,,lisinopril 10 MG Oral Tablet,230,0.91,b6a1cac9-8873-36a7-bf11-826ca256bac9,df166300-5a78-3502-a46a-832842197811,0.0,59621000,Essential hypertension (disorder),209.3
ba419d35-0dfe-8af7-347c-eebf02485a56,314076,2006-11-21,,lisinopril 10 MG Oral Tablet,79,0.91,ba419d35-0dfe-8af7-ba2e-6120f424d881,df166300-5a78-3502-a46a-832842197811,0.0,59621000,Essential hypertension (disorder),71.89
ba419d35-0dfe-8af7-347c-eebf02485a56,310798,2006-12-21,,Hydrochlorothiazide 25 MG Oral Tablet,79,0.45,ba419d35-0dfe-8af7-1545-28d0842c3d7c,df166300-5a78-3502-a46a-832842197811,0.0,59621000,Essential hypertension (disorder),35.55
c86c400e-ff88-a1e3-2e23-caa4d8311f47,314076,2014-12-07,,lisinopril 10 MG Oral Tablet,47,0.91,c86c400e-ff88-a1e3-1062-b4d8f05c7777,a735bf55-83e9-331a-899d-a82a60b9f60c,0.0,59621000,Essential hypertension (disorder),42.77
c86c400e-ff88-a1e3-2e23-caa4d8311f47,308136,2015-01-06,,amLODIPine 2.5 MG Oral Tablet,46,0.91,c86c400e-ff88-a1e3-4c76-e3dbbb9e46ba,a735bf55-83e9-331a-899d-a82a60b9f60c,0.73,59621000,Essential hypertension (disorder),41.86
ce44621f-406f-233d-11a3-22cdc96f9aec,310798,2001-04-10,,Hydrochlorothiazide 25 MG Oral Tablet,102,0.45,ce44621f-406f-233d-9966-1bf197b099dd,b046940f-1664-3047-bca7-dfa76be352a4,0.0,59621000,Essential hypertension (disorder),45.9
d3cb6736-0991-40ed-a220-7c714aba4c37,310798,2024-07-10,,Hydrochlorothiazide 25 MG Oral Tablet,8,0.63,d3cb6736-0991-40ed-b795-09a74878495a,26aab0cd-6aba-3e1b-ac5b-05c8867e762c,0.0,59621000,Essential hypertension (disorder),5.04
df2f3ddb-2760-b3c7-40be-f2fbee474089,308136,2019-06-23,,amLODIPine 2.5 MG Oral Tablet,28,0.91,df2f3ddb-2760-b3c7-40db-0e9af862109e,26aab0cd-6aba-3e1b-ac5b-05c8867e762c,0.0,59621000,Essential hypertension (disorder),25.48
eb5910f1-26e6-bc6f-b300-716eae678d6f,314076,2001-06-19,,lisinopril 10 MG Oral Tablet,101,0.91,eb5910f1-26e6-bc6f-5d5c-b6a9eab30ecf,e03e23c9-4df1-3eb6-a62d-f70f02301496,0.0,59621000,Essential hypertension (disorder),91.91
