Id,NAME,ADDRESS,CITY,STATE,ZIP,LAT,LON,PHONE,REVENUE,UTILIZATION
588f6ce6-b8db-3588-8189-29db2680a313,BOSTON HEALTH CARE FOR THE HOMELESS PROGRAM INC,461 WALNUT AVE,JAMAICA PLAIN,MA,021302331,42.311587599999996,-71.09800136347226,8576541550,0.0,53
e09d4c49-c2ef-3b0f-9a46-3719d9219306,UMASS MEMORIAL HEALTHALLIANCE CLINTON HOSPITAL INC,60 HOSPITAL RD,LEOMINSTER,MA,014533290,42.54031915,-71.76312990486304,9784662000,0.0,2
71472d9b-aa5c-3b49-a5c3-d0eee8859015,BOURNE FAMILY MEDICINE PC,118 WATERHOUSE RD STE C,BOURNE,MA,025328305,41.7281115,-70.5861571324252,5087430899,0.0,39
39104cad-5228-3e07-9b3e-3ad736b33d5d,GREATER BOSTON WELLNESS PRIMARY CARE PC,200 PROVIDENCE HWY,DEDHAM,MA,020261881,42.22214545274341,-71.18159060546684,7814610660,0.0,34
f945589f-88aa-366b-9e9d-2418d091112d,CENTER FOR DIGESTIVE WELLNESS PC,105 ERDMAN WAY,LEOMINSTER,MA,014531805,42.54685255,-71.75737313871981,9785377552,0.0,48
5fcff9db-16e4-3e56-aa78-abbc16338097,THE LOWELL GENERAL HOSPITAL,295 VARNUM AVE,WESTFORD,MA,018863513,42.5792583,-71.4378411,9789376000,0.0,4
40c01d75-1542-3e0b-8e5f-78d3031beba1,PIONEER MEDICAL CENTER,505 PARADISE RD,SALEM,MA,019704267,42.485927,-70.900301,9787459449,0.0,62
e49b692f-cccc-3cd5-93df-6db63dfc3e4a,QUINCY CENTER PRIMARY CARE PC,1250 HANCOCK ST STE 104N,QUINCY,MA,02169,42.2517569,-71.0033967,6173283998,0.0,72
bf556284-7513-3620-a10e-5393183a9a87,STEWARD ST. ANNES HOSPITAL CORPORATION,795 MIDDLE ST,FALL RIVER,MA,027211733,41.6924092,-71.16345107025307,5086745600,0.0,7
4ffa4412-1493-3beb-b8f0-6614dde953a4,SOUTHCOAST HOSPITAL GROUP  INC,363 HIGHLAND AVENUE,WAREHAM,MA,025715011,41.745636,-70.658192,5086793131,0.0,4
b6eeaaf7-1683-3bcb-b6ee-81ce304636ef,MELROSEWAKEFIELD HEALTHCARE  INC,170 GOVERNORS AVE,MELROSE,MA,021763225,42.4564323,-71.064182,7819793050,0.0,4
d613e441-68e8-3502-8adb-3f770a1276bf,PALMER FAMILY SERVICES LLC,114 WATER ST,MILFORD,MA,017573007,42.13661855,-71.53474614336832,5084782008,0.0,103
de29a374-221b-3cb4-8051-a02c1a35e5b7,FAMILY MEDICINE ASSOCIATES OF SOUTH ATTLEBORO  P.C.,562 WASHINGTON ST,SOUTH ATTLEBORO,MA,027036942,41.912892049999996,-71.36135809627689,5087615650,0.0,61
ace1ac31-036a-38fd-b451-b3b87157c717,BOSTON HEALTH CARE FOR THE HOMELESS PROGRAM INC,170 MORTON ST,BOSTON,MA,021303735,42.299067750000006,-71.10124351911541,6179830351,0.0,29
18061fd5-fda8-3e2d-87f0-0f3c87211bcc,CAMBRIDGE PUBLIC HEALTH COMMISSION,1493 CAMBRIDGE ST,SOMERVILLE,MA,021431408,42.3875968,-71.0994968,6176651000,0.0,6
6cf8a214-8d57-3267-85e5-7719e15cd63e,LEMUEL SHATTUCK HOSPITAL,170 MORTON STREET,JAMAICA PLAIN,MA,021303735,42.299067750000006,-71.10124351911541,6175228110,0.0,8
4bc0cc09-77e5-37f5-844d-64a6637cae54,WESTERN MASSACHUSETTS HOSPITAL,91 EAST MOUNTAIN ROAD,WESTFIELD,MA,010851801,42.110743549999995,-72.70066160206358,4135624131,0.0,5
0fedae9f-701f-3317-9b2f-69aea2202cdc,BOSTON MEDICAL CENTER CORPORATION-,88 EAST NEWTON STREET,WINTHROP,MA,021522715,42.3750976,-70.982827,6176388000,0.0,10
981338c4-287c-3621-bc45-8b0b9f1b8922,DR. HE'S PRIMARY CARE FOR ADULTS INC,640 BOLTON ST,MARLBOROUGH,MA,017523999,42.3658183,-71.55914630258509,5084810200,0.0,59
ecadbc11-930c-3903-b706-f8ef4bc9089e,PRIMARY CARE ASSOCIATES LLC,780 CHESTNUT ST,SPRINGFIELD,MA,011031109,42.1211633,-72.60614164702717,4137872800,0.0,44
0fab3c4e-a028-39a6-b15a-be5a88b6aa2a,ENCOMPASS HEALTH REHAB HOSPITAL OF WESTERN MASS,222 STATE STREET,LUDLOW,MA,010563437,42.15547415,-72.47222226666076,4135897581,0.0,10
3b021cb6-4745-3d9d-8436-230055f770bd,BETH ISRAEL DEACONESS HOSPITAL-NEEDHAM  INC.,148 CHESTNUT ST,NEEDHAM,MA,024943238,42.27728075,-71.23665362814043,7814533000,0.0,7
00ffb204-07b4-3c72-a678-fa252e6cf86c,BEDFORD-LEXINGTON INTERNAL MEDICINE  PC,450 BEDFORD ST,LEXINGTON,MA,02420,42.47370735,-71.25090005,7812746274,0.0,41
ad82d624-72eb-3c7d-a76d-79f2668d1390,WOODLAND INTERNISTS  P.C.,3 WOODLAND RD,STONEHAM,MA,021801711,42.452443099999996,-71.08939988105112,7816627990,0.0,74
6170552c-4d27-3e64-8068-64a380f1837d,WP ACQUISITION SUB LLC,76 SUMMER ST,HAVERHILL,MA,018305814,42.7786873,-71.07306505177553,6158616000,0.0,7
b9e35b8a-9831-32d8-a6dc-d7a546c126b0,VIBRA HOSPITAL OF WESTERN MASS - CENTRAL CAMPUS,111 HUNTOON MEMORIAL HIGHWAY  1ST FLOOR,SPRINGFIELD,MA,011092550,42.1018764,-72.5886727,4137876700,0.0,4
2f735290-1603-31b5-b561-7c8e0d413170,BL HEALTHCARE INC DELEWARE,100 FOXBOROUGH BLVD STE 230,FOXBOROUGH,MA,020352878,42.041851949999995,-71.23486657070565,5085434150,0.0,31
328f813e-4de8-3ec2-a113-43f3ddfb0b2a,DILIGENCEHEALTHCARE,30-40 WESTPARK STREET,BROCKTON,MA,023015241,42.0834335,-71.0183787,8574539843,0.0,47
dd3307db-114c-3f11-be44-a9eef6bb3fc5,LYNN COMMUNITY HEALTH,269 UNION STREET,LYNN,MA,019011201,42.4652772,-70.94362420273097,7815962502,0.0,149
5018c664-e283-30eb-932a-529d9a19b3b5,FIRST PSYCHIATRIC PLANNERS  INC,300 SOUTH ST,WOBURN,MA,018014979,42.473347,-71.144086,6174690300,0.0,8
2e8b42f8-4300-30a9-a576-d513d1021a0a,GREATER LOWELL FAMILY PRACTICE PC,600 CLARK RD,TEWKSBURY,MA,018761699,42.63120935,-71.27023603178071,9784538446,0.0,106
b53dc1b7-43b0-3c43-a73f-304165633a59,PULMONARY INTERNISTS AND CONSULTANTS PC,63 MAIN ST,HYANNIS,MA,026013202,41.6562005,-70.27336188244256,5087752295,0.0,32
c7542447-e06e-32cb-b6db-243c23a0dbc2,FRANCISCAN HOSPITAL FOR CHILDREN INC,30 WARREN ST,BOSTON,MA,021353602,42.3501483,-71.14393324457691,6172543800,0.0,2
50c47685-8125-3c50-8311-8bd7ba9e9108,BOSTON MEDICAL CENTER CORPORATION-,4199 WASHINGTON ST,ROSLINDALE,MA,021311733,42.2871447,-71.1277526,6173234440,0.0,47
9d2a1656-0f4d-30d1-bc63-eb365a05529c,STEWARD GOOD SAMARITAN MEDICAL CENTER  INC.,235 N PEARL ST,BROCKTON,MA,023011794,42.09805395,-71.0609587194362,5084272841,0.0,1
3fea2678-1991-3390-b5f1-ebe38f28888b,ATLANTIC PRIMARY CARE PC,135 WEBSTER ST,WEYMOUTH,MA,021901613,42.2212188,-70.9391625,7818715030,0.0,51
eee00932-ca82-36bc-b7e8-e3fff6dbaeaa,DANA FARBER CANCER INSTITUTE,450 BROOKLINE AVE,WEYMOUTH,MA,021893141,42.2212188,-70.9391625,6176323000,0.0,2
6873525f-1680-3ceb-b536-270d44b46e2e,UPHAMS CORNER HEALTH COMMITTEE INC,500 COLUMBIA RD,DORCHESTER,MA,021252322,42.3147979,-71.067633,6172878000,0.0,33
f8918a95-31e8-3ac4-8d12-29ca6080ebda,BETH ISRAEL DEACONESS HOSPITAL MILTON INC,199 REEDSDALE RD,MILTON,MA,021863926,42.251368299999996,-71.0768393856917,6173131214,0.0,12
8d5880eb-1dd8-31ea-b7c5-21709f3bb341,MELROSE INTERNAL MEDICINE ASSOC PC,50 ROWE ST,MELROSE,MA,021763201,42.4592093,-71.06078096379728,7819793800,0.0,141
0ec04450-c150-322d-b2c3-1449d672a23c,MANET COMMUNITY HEALTH CENTER  INC.,110 W SQUANTUM ST,NORTH QUINCY,MA,021712122,42.27259075,-71.03082765,6173763000,0.0,73
a6964d47-8af0-3df2-b99d-d8414eb1cfa3,ARBOUR-FULLER HOSPITAL,200 MAY ST,SOUTH ATTLEBORO,MA,027035520,41.924394750000005,-71.36076410900014,5087618500,0.0,9
dae3ee01-f383-366e-9ad6-dc92963064ea,MERCY MEDICAL CTR,1233 MAIN ST,HOLYOKE,MA,010405381,42.16578055,-72.63389634691956,4135365111,0.0,3
371948e4-733a-33b6-a835-68abefdeb59f,FAIRVIEW HOSPITAL,197 ADAMS RD,WILLIAMSTOWN,MA,012672930,42.704126099999996,-73.19043030392987,4134588182,0.0,35
b7b02632-03e1-330a-aa40-fdee22899633,BOSTON UNIVERSITY MEDICAL CENTER RADIOLOGISTS  INC.,840 HARRISON AVE,ROXBURY,MA,021203432,42.3279605,-71.0830607,6176386610,0.0,32
92d919ab-8380-3fda-a5f1-838e69b819c1,ZANJABEE INTEGRATIVE MEDICINE AND PRIMARY CARE LLC,300 TRADECENTER STE 4750,WOBURN,MA,018017420,42.4994143,-71.161659,4019525488,0.0,33
0319f6d9-60a3-36ac-9f26-b782d7997b1c,ARLINGTON FAMILY PRACTICE PC,22 MILL ST,ARLINGTON,MA,024764738,42.4177455,-71.1579688,7816464345,0.0,53
a2cc09de-c1e2-3126-8c09-d49f95225281,CHILDREN'S HOSPITAL CORPORATION,300 LONGWOOD AVE,WALTHAM,MA,024532741,42.3756401,-71.2358004,6173554831,0.0,3
44cb1162-a345-3477-8723-c202a3c8cdcd,HOPKINTON MEDICAL CARE  P.C.,73 W MAIN ST,HOPKINTON,MA,017481619,42.21799145,-71.54005509979045,5084356900,0.0,60
f341c366-8313-3790-ab26-d8d27b116ff5,WAYSIDE YOUTH & FAMILY SUPPORT NETWORK,80 LINCOLN STREET,WALTHAM,MA,024535465,42.39322121170625,-71.24104146434591,5086200010,0.0,39
0d7ef8ee-4e45-3b40-9f2b-f558dce71574,PERSONALIZED MEDICAL CARE LLC,200 BOYLSTON ST,CHESTNUT HILL,MA,024672008,42.318869649999996,-71.17524247213663,6175298041,0.0,39
f312977e-8f41-3816-84cc-e5b12ba36955,BRIGHAM AND WOMEN'S FAULKNER HOSPITAL  INC.,1153 CENTRE ST,JAMAICA PLAIN,MA,021303446,42.3017598,-71.12855793387442,6179837470,0.0,1
afc661fd-71d9-3fc3-adf2-3fc3b5e8a140,BROCKTON HOSPITAL  INC.,680 CENTRE ST,RAYNHAM,MA,02767,41.9487118,-71.0731008,5089417000,0.0,5
06cc2462-430f-3322-9c87-7e971125f510,EMERSON HOSPITAL,133 OLD ROAD TO 9 ACRE COR,WESTFORD,MA,018863198,42.5792583,-71.4378411,9782873226,0.0,3
907b1d2f-2bf8-31b5-abc2-14d6b75faa96,ASSABET FAMILY PODIATRY  INC,340 MAPLE ST,MARLBOROUGH,MA,017523200,42.3358161,-71.54106510218209,5084813659,0.0,40
352f2e3b-0708-3eb4-9f7e-e73a685bf379,MARLBOROUGH HOSPITAL CORP,157 UNION ST,SOUTHBOROUGH,MA,017721215,42.3056501,-71.5245087,5084815000,0.0,4
34f7bdc0-0550-333e-a53f-5e2af5a6d4ec,PLYMOUTH FAMILY OPTOMETRY LLC,212 S MEADOW RD UNIT 5C,PLYMOUTH,MA,023605450,41.9426657,-70.7618592,7742834005,0.0,28
e34d8448-8b98-3f91-9fe7-faeb8a78e1db,ASSOCIATED INTERNISTS OF RANDOLPH  INC.,NEW ENGLAND SINAI HOSPITAL,MILTON,MA,021862377,42.2501425,-71.065573,7813440600,0.0,52
a2d45ee8-b930-3169-b612-f602961ad212,SUNRISE HEALTHCARE LLC,37 MINUTEMAN WAY,SHREWSBURY,MA,015452229,42.288207,-71.73443816915585,6176509959,0.0,85
10ffe7b1-2f94-3f12-9288-679da05a1ec9,WESTFORD INTERNAL MEDICINE PC,133 LITTLETON RD,WESTFORD,MA,01886,42.57056335,-71.41736646422413,9785771946,0.0,39
4fa643ae-1f58-3c2e-9f33-0ba56345ad10,COMPASSIONATE HEALTH CARE GROUP LLC,361 MAIN ST,WAREHAM,MA,025712153,41.761384899999996,-70.71911431737183,7746787319,0.0,57
fb4a08b8-57ee-382b-b3cb-43d94f1bb4c0,STANLEY STREET TREATMENT AND RESOURCES  INC,1010 SOUTH MAIN STREET,FALL RIVER,MA,027242855,41.690775450000004,-71.16515282264554,5086751054,0.0,35
3d5fbf38-c781-3e04-8c7e-5a402611b7d4,DAVIS SQUARE FAMILY PRACTICE,260 ELM ST,SOMERVILLE,MA,021442951,42.3955992,-71.1227391,6176669577,0.0,136
d6b03647-983f-3162-af9e-b12aea026f13,HOLISTIC FAMILY PRACTICE  INC.,65 NEWBURYPORT TPKE,NEWBURY,MA,019501199,42.7891081,-70.87774011339009,9784659770,0.0,35
f43f97f2-af04-3ed0-a42e-3681718cc9b2,BERKSHIRE MEDICAL CENTER INC,725 NORTH ST,PITTSFIELD,MA,012014109,42.4600752,-73.2492795834909,4134472000,0.0,2
8ce066ae-10ad-3679-9272-387e8cb21947,NEWBURYPORT FAMILY PRACTICE P.C.,3 CHERRY ST,NEWBURYPORT,MA,019503928,42.80038345,-70.87664535540449,9784657322,0.0,72
936ceb96-2b12-371f-aa68-ee02a9c06f4c,PRIMARY CARE NORTH PC,225 BOSTON ST,LYNN,MA,019043124,42.470497449999996,-70.96003668151566,7815959581,0.0,188
a855314b-4fb5-37fc-8015-5caa96c928b1,BAYSTATE MEDICAL CENTER INC.,759 CHESTNUT ST,SPRINGFIELD,MA,011991001,42.121522049999996,-72.60300615153007,4137940000,0.0,2
4f59f709-8b84-3d27-a04b-c6b7b5544413,HILLTOWN COMMUNITY HEALTH CENTERS INC,70 BOLTWOOD WALK,AMHERST,MA,010022271,42.3768779,-72.51840280783739,4132385511,0.0,32
c25911bc-3240-358a-86ce-5f45bb8f0c53,TUFTS MEDICAL CENTER COMMUNITY CARE INC,325 WOOD RD,WELLESLEY HILLS,MA,024812188,42.3130588,-71.2738201,7813563336,0.0,42
680532c8-2661-3b39-875a-b6ec0746ccf5,CHARLES RIVER COMMUNITY HEALTH  INC,30 ATHOL ST,ALLSTON,MA,021341124,42.36075595,-71.13397379082869,6177830500,0.0,31
c6b019eb-28ec-36f6-abf3-bcc4d1d58966,DUTTON FAMILY CARE ASSOCIATES LLP,33 AVON ST,WAKEFIELD,MA,018802310,42.50403445,-71.07462951514611,7812450402,0.0,29
06376cbe-4880-384b-b459-7ce3eef36ced,HEALTHFIRST FAMILY CARE CENTER INC,387 QUARRY ST,FALL RIVER,MA,027231026,41.6932713,-71.1402431739568,5086798111,0.0,72
2836d9ac-c6a6-39d1-8f13-fdf0fc8928f4,TEWKSBURY HOSPITAL,365 EAST ST,TEWKSBURY,MA,018761950,42.6069472,-71.2180803,9788517321,0.0,7
a2f8d8fe-665e-390f-8b9b-efdc0b14a77c,LOWELL COMMUNITY HEALTH CENTER,161 JACKSON ST,LOWELL,MA,018522103,42.6425382,-71.3093946,9783228590,0.0,78
82c72223-f521-3a34-9b9b-4ff366365399,CARNEY HOSPITAL,2100 DORCHESTER AVENUE,QUINCY,MA,021691870,42.2509914,-71.0037374,6175062000,0.0,5
e2eab39c-5195-34aa-b35f-e89e37cfed01,SOUTH SHORE HOSPITAL INC.,55 FOGG ROAD,WEYMOUTH,MA,021893141,42.175539799999996,-70.9539153674405,7813408000,0.0,2
21989e2e-249c-3b79-acf0-240211e16b4b,WHITTIER STREET NEIGHBORHOOD HEALTH CENTER,1290 TREMONT ST,ROXBURY,MA,021203432,42.3327398,-71.09194864251029,6174271000,0.0,34
df3f566c-97e5-31ed-b0fe-4b452666f736,CLASSIC HEALTHCARE MEDICAL GROUP LLC,300 CHESTNUT ST,NEEDHAM,MA,024922477,42.27522125,-71.23743483674366,7815590230,0.0,88
4705a8fd-19cd-32c1-8b3e-34bcfe84d0bd,WELLNESS ON WHEELS PC,55 N WASHINGTON ST,NORTH ATTLEBORO,MA,027601607,41.983529,-71.332241,5083164141,0.0,62
f5ccbb53-e4a0-32e5-a693-02150497a8f4,SOUTH SHORE INTERNAL MEDICINE ASSOCIATES INC.,100 HIGHLAND ST,MILTON,MA,021863881,42.250705749999995,-71.07724199194602,6176988855,0.0,43
497f39dd-280e-3d58-af5b-c5e3a3a09b10,CAPE COD HOSPITAL INC,27 PARK ST,HYANNIS,MA,026015230,41.65363635,-70.27352219234834,5087711800,0.0,9
578b56de-fe9c-32e1-aea4-876f8bc01e9c,DR JOHN C CORRIGAN MENTAL HEALTH CENTER,49 HILLSIDE STREET,FALL RIVER,MA,027205211,41.707406500000005,-71.14593659462452,5082357600,0.0,1
c5d5a544-0277-342f-8422-d30848a82438,FAMILY SERVICE ASSOCIATION OF GREATER FALL RIVER INC,151 ROCK ST,FALL RIVER,MA,027203201,41.70365955,-71.15259151299796,5086787542,0.0,52
c2e93fb4-abf2-3210-b6ec-4d1ecb2b76f0,HAVERHILL FAMILY OFFICE LLC,62 BROWN ST,HAVERHILL,MA,01830,42.76512700000001,-71.04617174286321,9785216555,0.0,42
ec509895-6196-36d1-b91e-272bed7e6196,CHARLES RIVER COMMUNITY HEALTH  INC,40 ARMINGTON ST,ALLSTON,MA,021342406,42.3521617,-71.1375176,6177830500,0.0,33
b44955d1-f0e2-3beb-a013-708a81dbe430,SIGNATURE HEALTHCARE MEDICAL GROUP INC,680 CENTRE ST,WEST BRIDGEWATER,MA,023791600,42.0219112,-71.019004,5089417000,0.0,66
ad2dab07-4f85-3950-baaa-7c7cd2aa770c,UNIVERSITY OF MA MED CTR-ESRD,55 LAKE AVENUE NORTH,WORCESTER,MA,016550002,42.2774799,-71.76166994969458,5088560011,0.0,2
18b1bb7e-2f93-3253-a7ae-d19c13ffeaa1,GARDEN STATE HEALTHCARE ASSOCIATES LLC,29 E 29TH ST,WEST NEWBURY,MA,019854201,42.8014795,-70.989778,2018587394,0.0,30
67d2f85b-ddc7-3ed0-b90b-6fa5b7b8358a,CHARLES RIVER COMMUNITY HEALTH  INC,43 FOUNDRY AVE,WALTHAM,MA,024538313,42.37050535,-71.21908334877376,6177830500,0.0,42
1d45436f-15a9-326e-a452-2e9ffc9fc5e5,FAMILY MEDICINE ASSOCIATES,75 SPRINGFIELD RD,WESTFIELD,MA,010851832,42.111428849999996,-72.71189899299209,4135625173,0.0,125
94dda4e1-7476-367a-b1f8-37ea7f61a1b7,WHITTIER REHABILITATION HOSPITAL - BRADFORD,145 WARD HILL AVENUE,WESTBOROUGH,MA,015811017,42.2694308,-71.6129907,9783728000,0.0,2
c0a33465-d309-3d2a-932e-9d554a7cc19c,T MASSACHUSETTS  LLC,100 CENTURY DR,WORCESTER,MA,016061244,42.3138278,-71.7707002,7743667000,0.0,2
0a689d33-2b0d-3942-8de8-e28812e91c69,MEASURED WELLNESS LLC,47 SEAVERNS AVE # 5,BROOKLINE,MA,024463806,42.3317642,-71.1211635,5137482498,0.0,60
6e517750-a29e-3170-a02b-5733ff523458,TREE OF LIFE HEALTHCARE ASSOCIATES,101 BARRY RD,WORCESTER,MA,016091275,42.3030701,-71.8333408960994,5087677931,0.0,41
0be0e035-8dad-387e-bbdd-a5a469c4311f,PODIATRY HEALTHCARE P.C.,480 MAPLE ST,DANVERS,MA,019234065,42.584178050000006,-70.97197467750539,9783048403,0.0,28
125eccb3-d003-34ea-9bd8-360dff059782,NEW ENGLAND BAPTIST HOSPITAL,125 PARKER HILL AVENUE,DEDHAM,MA,020266146,42.2489143,-71.1755732,6177545800,0.0,4
a1a024f0-95e2-3db4-a771-e2f17c5da162,FAMILY AND COMMUNITY RESOURCES INC,18 NEWTON ST,BROCKTON,MA,023015115,42.0785392,-71.02602473630952,5085836498,0.0,38
aad05540-c9cb-3805-b3c4-f9b9d9b42b2e,RIVER'S EDGE PRIMARY CARE LLC,821 E MAIN ST STE 3,CHICOPEE,MA,010206306,42.155774795300516,-72.55672263289513,4136956774,0.0,139
19a3afba-b409-3650-a0ab-f3faf6e391ef,ASSOCIATED PHYSICIANS OF HARVARD MEDICAL FACULTY PHYSICIANS AT BETH IS,199 REEDSDALE RD,WALTHAM,MA,024511433,42.3756401,-71.2358004,6176964600,0.0,1
0e9d0119-1157-35a0-8bb5-7e0aa3041928,CARING HEALTH CENTER  INC,1049 MAIN STREET,SPRINGFIELD,MA,011032114,42.09977055,-72.58470990760483,4136931007,0.0,109
83a08dcf-7ed6-3d2e-afc0-a72c05d2563c,GREATER LAWRENCE FAMILY HEALTH CENTER INC,755 MAIN ST,HAVERHILL,MA,018302166,42.797835,-71.0878121,9786860090,0.0,78
cbebae9e-f95e-3d2c-9712-289ea8d6aeec,ARBOUR HOSPITAL  THE,49 ROBINWOOD AVENUE,QUINCY,MA,021698130,42.2509914,-71.0037374,6175224400,0.0,1
1cec4304-9757-3a10-ad4f-7e2090c56131,UMASS MEMORIAL MEDICAL CENTER INC,55 LAKE AVE N,WORCESTER,MA,016550002,42.2774799,-71.76166994969458,5083340254,0.0,3
5862e05c-9533-3f7a-8f73-215d50f5ee2f,HEBREW REHABILITATION CENTER,1200 CENTRE ST,ROSLINDALE,MA,021311000,42.29768,-71.130463,6173258000,0.0,5
a5577e5c-b886-37a0-8eee-8ff6feb7ea6b,MOUNT AUBURN HOSPITAL,330 MOUNT AUBURN ST,CAMBRIDGE,MA,021385502,42.3741033,-71.13417575971958,6174923500,0.0,5
5581e43d-0463-3a0b-afc7-a60aea5ac96c,GREATER LAWRENCE FAMILY HEALTH CENTER INC,57 RIVER RD,ANDOVER,MA,018101144,42.69112645,-71.19636086287642,9786868521,0.0,33
b574fc4f-313c-38a4-9baf-7e12e431a499,SAVARD & MOSKOS EYE HEALTH CARE  LLC,511 W GROVE ST,MIDDLEBORO,MA,023461479,41.90036455,-70.9535889372234,5089477321,0.0,71
2bde75a8-708f-3930-8d57-100ab365d413,WELLESLEY FAMILY CARE ASSOCIATES  PC,173 WORCESTER ST,WELLESLEY,MA,024815521,42.2964859,-71.2925571,7812357900,0.0,75
845fbd9b-2d1c-39a8-8261-28ae40e4fab2,MILFORD REGIONAL MEDICAL CENTER,14 PROSPECT STREET,UPTON,MA,015681431,42.1700209025178,-71.59409308099494,5084731190,0.0,9
bac9dc0c-cb0f-3fa6-aa12-819dd0fb922a,CAMBRIDGE PUBLIC HEALTH COMMISSION,1493 CAMBRIDGE ST,SOMERVILLE,MA,021452935,42.3875968,-71.0994968,6176651000,0.0,2
84d5768f-3a21-3da9-aad2-bbf7a3ae2700,LOWELL FAMILY MEDICAL CARE PC,817 MERRIMACK ST,LOWELL,MA,018543548,42.650296999999995,-71.32263756223612,9784530550,0.0,37
af8566eb-8918-3ec7-ba44-92b6a2cf8097,NORTH SHORE MEDICAL CENTER INC,81 HIGHLAND AVE,SALEM,MA,019702714,42.5112107,-70.90516241826194,9787410522,0.0,2
ecd3b321-0a8a-3ce6-81f0-982dd77fce43,ANNA JAQUES HOSPITAL SUBACUTE UNIT,25 HIGHLAND AVE,NEWBURYPORT,MA,019503867,42.81369325,-70.89091645747592,9784631000,0.0,3
4f5e8f16-a31b-3071-8556-d7188ede313d,HOLYOKE MEDICAL CENTER INC,575 BEECH ST,HOLYOKE,MA,010402223,42.20105435,-72.628169560868,4135342805,0.0,45
69cb2157-b620-3c51-9c94-f516462d2d55,FAMILY PRACTICE GROUP PC,11 WATER ST,ARLINGTON,MA,02476,42.41642055,-71.15424293038585,7816489700,0.0,155
9a20d707-68e4-32c0-b2b2-2f5d5c2012cd,CLARITY HEALTH & WELLNESS LLC,131 CAMBRIDGE ST STE 1,BURLINGTON,MA,018033711,42.50284395,-71.19574553661971,7812652572,0.0,67
43ee6bb5-8efa-3bfc-8ca8-1579a5267753,STEWARD GOOD SAMARITAN MEDICAL CENTER  INC.,235 N PEARL ST,BROCKTON,MA,023011794,42.09805395,-71.0609587194362,5084273000,0.0,2
28d71598-85eb-3a0e-90c1-22e0be1af57c,PARADIGM HEALTHCARE  PC,38 MULBERRY ST STE 204,NORTHAMPTON,MA,010602832,42.35436315,-72.70256804599192,4133550761,0.0,42
48a07866-e8d7-3268-aa3c-ca3237c8e6f3,BOSTON PAIN CLINIC & PRIMARY CARE PC,188 PROVIDENCE ST,HYDE PARK,MA,021361861,42.2682551,-71.12174592925336,6173612166,0.0,45
25431f9a-00e4-36d8-9810-4125328eec50,THE GENERAL HOSPITAL CORPORATION,55 FRUIT ST,WALTHAM,MA,02451,42.3756401,-71.2358004,6177262000,0.0,2
89171335-b9c0-3326-98d6-a837d432b9fd,WHITTIER REHABILTATION HOSPITAL,150 FLANDERS ROAD,LYNN,MA,019042915,42.466763,-70.9494939,5088712063,0.0,9
217cb6f6-e822-3831-9d9d-ffa104971042,ENCOMPASS HEALTH REHABILITATION HOSP OF NEW ENGLAN,2 REHABILITATION WAY,WOBURN,MA,018016003,42.46352265,-71.161925472006,7819355050,0.0,7
e2a8b444-9b8f-36ff-84c4-05ee98589482,WHITLEY WELLNESS LLC,8 SHIPWAY PL # C-8,CHARLESTOWN,MA,021294301,42.3778749,-71.0619957,3254399799,0.0,79
883f57b8-89c6-3dc4-b6da-047705c88623,SOUTHCOAST HOSPITALS GROUP INC,363 HIGHLAND AVE,FALL RIVER,MA,027203703,41.7093779,-71.1460783680883,5086793131,0.0,2
0a2252ba-33de-322f-8f0a-e5b0141f1780,HARVARD STREET NEIGHBORHOOD HEALTH CENTER,632 BLUE  HILL AVENUE,DORCHESTER,MA,021213213,42.2941088,-71.0885355,6178253400,0.0,80
67cade01-dcfe-37b7-8e2c-b712d9e6fbba,RUTLAND FAMILY HEALTH CENTER,694 MAIN ST,HOLDEN,MA,015201862,42.3406819,-71.8390289,5088866500,0.0,33
11a40a26-a5a3-331d-aef0-d06dd90e2b4e,CAPE COD PRIMARY CARE LLC,10 OSTERVILLE WEST BARNSTABLE RD,YARMOUTH PORT,MA,026752000,41.7020544,-70.249465,5084282620,0.0,70
91808f17-7583-32a3-aa55-23b131b327c7,SOUTH SHORE CENTER FOR WELLNESS LTD,200 CORDWAINER DR,NORWELL,MA,020611671,42.16352995,-70.8846291501739,7818788340,0.0,62
c709c5eb-ddd7-3778-84f7-0931a4d1c718,HEBREW SENIORLIFE AFFILIATED MEDICAL GROUP INC,1200 CENTRE ST,ROSLINDALE,MA,021311000,42.29768,-71.130463,6179715766,0.0,2
d70d47dc-b40c-3a04-8342-35cbfe716409,SENIOR HEALTHCARE ASSOCIATES INC,83 LITTLEFIELD RD,NEWTON,MA,024593010,42.3104327,-71.18883283411856,7816421859,0.0,75
6aae7a31-90df-3455-ad8d-81f8cf2d21e8,BROCKTON HOSPITAL  INC.,680 CENTRE ST,BROCKTON,MA,023023308,42.0872752,-70.9910738855076,5089417000,0.0,2
