source_id,filename,date_internal,class,title,scope,size_bytes,sha256
SRC-01,SRC-01_Plan_de_Validacion_Cientifica.pdf,No consignada,Protocolo,Plan de Validación Científica de Psynthea,"Objetivos, hipótesis, dimensiones de comparación, métricas y criterios previstos.",50966,271007d4a7f73e470074bf694b46e239c7a68d7e43f6ec0348f7f4266c2dbb82
SRC-02,SRC-02_Documentacion_Synthea.pdf,No consignada,Referencia técnica,Documentación de Synthea,"Arquitectura, Generic Module Framework, estados, transiciones, exportación y comportamiento de referencia.",2242081,83d172999c71f104b2a5a2920adac3dc22ca84de55f1ec2b3f66758801a19269
SRC-03,SRC-03_Documentacion_Psynthea.pdf,No consignada,Referencia técnica,Documentación de Psynthea,"Arquitectura Python, parser GMF, representación intermedia, motor, CLI y exportadores.",2465405,cb70a8e37d31e7bdfdcd077ef74944eb9fc69a3a2cfdee52737305b2930afb76
SRC-04,SRC-04_Actualizacion_Hypertension_y_Causa_Raiz.pdf,No consignada,Actualización de investigación,Actualización del proyecto — Hypertension,"Auditoría del parser, scheduler, lógica temporal y análisis causal del caso Hypertension.",154139,029df2805b10bfae9d5320af212334a46fec286d25c9aba9c5b95202592f2010
SRC-05,SRC-05_Actualizacion_Estado_2026-07-27.pdf,27/07/2026,Actualización de estado,Actualización del proyecto — estado 27/07/2026,"Infraestructura operativa, hipótesis contrastadas y estado de vitals/wellness.",46361,16a4896ebe1daa51b3ac17209a7f1e0cbd08700542ebc0c83ac75bbef3469609
SRC-06,SRC-06_Actualizacion_Demografia_2026-07-28.docx,28/07/2026,Actualización técnica,Corrección de semántica demográfica,"Precedencia del rango de edad, reevaluación p1000 y discrepancia residual de encounters.",45802,4db6ce924d97c44961ed4ed2a018031b536b8734680a8e172d2f0b4a43572c27
SRC-07,SRC-07_Actualizacion_Compatibilidad_Modulos.docx,No consignada,Actualización técnica,Compatibilidad de módulos y smoke test,"Auditoría estática, runner de compatibilidad y ejecución de los 85 módulos raíz.",39062,bfb70898f536891f738ede52a226ba6e33cac82fbd716c7ecb833e4fad194a99
SRC-08,SRC-08_Cierre_Campana_p1000_2026-07-30.docx,30/07/2026,Actualización final,Cierre de campaña p1000,"Cierre p100/p1000, resultados agregados, limitaciones y plan de consolidación.",47094,e257f91a067cacf291deeae1dd688efc9a7d6f208b6052cd880ce1dc896a5422
SRC-09,SRC-09_Cierre_Wellness_2026-07-30.pdf,30/07/2026,Actualización final,Corrección estructural de Wellness Encounters,"Lifecycle, Keystone, PriorState.within, parser GMF y observaciones wellness.",189434,573c2261e8619591b0cd8a63ea880a6c4fcd3bdcb0cab53f8b94625094ef1e5c
